Supplementary table 2_1: DEGs and diffDEGs of B-RNA																								
Main effect in each species (KD effect in each species = KD vs ctrl)													#main effect (KD effect) + interaction term (is KD effect different in NHP compared to Human?)											
Human				Chimp				Orang					Human vs Chimp				Human vs Orang				Chimp vs Orang			
log2fc > 0		log2fc < 0		log2fc > 0		log2fc < 0		log2fc > 0		log2fc < 0			log2fc > 0		log2fc < 0		log2fc > 0		log2fc < 0		log2fc > 0		log2fc < 0	
N = 19		N = 78		N = 8		N = 68		N = 66		N = 560			N = 31		N = 39		N = 56		N = 45		N = 37		N = 48	
ID	symbol	ID	symbol	ID	symbol	ID	symbol	ID	symbol	ID	symbol		ID	symbol	ID	symbol	ID	symbol	ID	symbol	ID	symbol	ID	symbol
ENSG00000223899.1	SEC13P1	ENSG00000223956.3	LINC01767	ENSG00000175262.14	C1orf127	ENSG00000184908.17	CLCNKB	ENSG00000060642.10	PIGV	ENSG00000225630.1	MTND2P28		ENSG00000229786.1	SNRPFP2	ENSG00000184454.7	NCMAP	ENSG00000142619.4	PADI3	ENSG00000143545.10	RAB13	ENSG00000270330.1	AL009183.1	ENSG00000285905.1	BMP8B-AS1
ENSG00000249534.2	LINC01258	ENSG00000225206.10	MIR137HG	ENSG00000187999.4	HNRNPA1P61	ENSG00000184454.7	NCMAP	ENSG00000152332.16	UHMK1	ENSG00000217801.10	AL390719.1		ENSG00000223956.3	LINC01767	ENSG00000285905.1	BMP8B-AS1	ENSG00000223956.3	LINC01767	ENSG00000162975.5	KCNF1	ENSG00000175262.14	C1orf127	ENSG00000097096.9	SYDE2
ENSG00000253686.2	LINC01484	ENSG00000162694.14	EXTL2	ENSG00000234362.6	LINC01914	ENSG00000285905.1	BMP8B-AS1	ENSG00000171848.15	RRM2	ENSG00000160075.12	SSU72		ENSG00000143631.11	FLG	ENSG00000188585.9	CLEC20A	ENSG00000137976.7	DNASE2B	ENSG00000235497.5	AC012506.4	ENSG00000142623.11	PADI1	ENSG00000188585.9	CLEC20A
ENSG00000113763.12	UNC5A	ENSG00000207340.1	RNVU1-1	ENSG00000287933.1	AL357141.1	ENSG00000233079.3	LINC01755	ENSG00000138061.12	CYP1B1	ENSG00000116251.11	RPL22		ENSG00000116147.17	TNR	ENSG00000261024.7	AL078644.1	ENSG00000207340.1	RNVU1-1	ENSG00000223899.1	SEC13P1	ENSG00000225605.3	AC092813.1	ENSG00000233384.3	CNIH3-AS2
ENSG00000123545.6	NDUFAF4	ENSG00000143631.11	FLG	ENSG00000277371.1	AL360176.1	ENSG00000097096.9	SYDE2	ENSG00000152518.8	ZFP36L2	ENSG00000116288.13	PARK7		ENSG00000273175.1	BX323046.1	ENSG00000225233.2	AL592402.1	ENSG00000143631.11	FLG	ENSG00000272334.1	AC011816.2	ENSG00000203784.3	LELP1	ENSG00000287123.1	AC007880.2
ENSG00000120254.15	MTHFD1L	ENSG00000229612.1	SUMO1P2	ENSG00000246115.3	SUPT4H1P2	ENSG00000171722.13	SPATA46	ENSG00000169564.7	PCBP1	ENSG00000074800.16	ENO1		ENSG00000287119.1	AC092580.4	ENSG00000233384.3	CNIH3-AS2	ENSG00000229612.1	SUMO1P2	ENSG00000279658.1	AC110491.2	ENSG00000143545.10	RAB13	ENSG00000115353.11	TACR1
ENSG00000036448.10	MYOM2	ENSG00000116147.17	TNR	ENSG00000131401.11	NAPSB	ENSG00000197965.12	MPZL1	ENSG00000172071.14	EIF2AK3	ENSG00000132879.14	FBXO44		ENSG00000204929.13	AC007389.1	ENSG00000235497.5	AC012506.4	ENSG00000116147.17	TNR	ENSG00000285336.1	AC108734.4	ENSG00000231532.6	LINC01249	ENSG00000204787.8	REG1CP
ENSG00000212993.5	POU5F1B	ENSG00000162843.17	WDR64	ENSG00000207151.1	AC003657.1	ENSG00000188585.9	CLEC20A	ENSG00000168763.16	CNNM3	ENSG00000116670.15	MAD2L2		ENSG00000144406.19	UNC80	ENSG00000223899.1	SEC13P1	ENSG00000226862.1	AC104463.2	ENSG00000286870.1	AL121981.1	ENSG00000234362.6	LINC01914	ENSG00000258984.5	UBE2F-SCLY
ENSG00000065675.15	PRKCQ	ENSG00000273175.1	BX323046.1			ENSG00000135838.13	NPL	ENSG00000135999.12	EPC2	ENSG00000173436.15	MICOS10		ENSG00000171551.12	ECEL1	ENSG00000186451.2	SPATA12	ENSG00000273175.1	BX323046.1	ENSG00000184139.8	RPL7AP28	ENSG00000230076.1	RPL10P6	ENSG00000226321.5	CROCC2
ENSG00000286373.1	AC022387.2	ENSG00000244310.2	AC093904.3			ENSG00000261024.7	AL078644.1	ENSG00000115159.16	GPD2	ENSG00000142676.14	RPL11		ENSG00000152669.9	CCNO	ENSG00000288032.1	AC104472.5	ENSG00000115353.11	TACR1	ENSG00000145536.15	ADAMTS16	ENSG00000235013.1	COX20P2	ENSG00000228351.3	AC018832.1
ENSG00000287887.1	AL391560.2	ENSG00000186453.13	FAM228A			ENSG00000233384.3	CNIH3-AS2	ENSG00000144357.17	UBR3	ENSG00000182749.5	PAQR7		ENSG00000251538.7	LINC02201	ENSG00000276945.1	AC008498.1	ENSG00000235571.1	SNX18P14	ENSG00000253686.2	LINC01484	ENSG00000173769.4	TOPAZ1	ENSG00000231280.1	SALL4P6
ENSG00000286099.1	AL390800.1	ENSG00000215263.2	AC025750.1			ENSG00000235497.5	AC012506.4	ENSG00000144452.15	ABCA12	ENSG00000142751.15	GPN2		ENSG00000270892.1	AC006077.1	ENSG00000113763.12	UNC5A	ENSG00000171551.12	ECEL1	ENSG00000124588.20	NQO2	ENSG00000184108.8	TRIML1	ENSG00000288032.1	AC104472.5
ENSG00000175344.18	CHRNA7	ENSG00000144406.19	UNC80			ENSG00000144010.9	TRIM43B	ENSG00000080822.17	CLDND1	ENSG00000090273.14	NUDC		ENSG00000176049.16	JAKMIP2	ENSG00000113262.16	GRM6	ENSG00000258984.5	UBE2F-SCLY	ENSG00000120254.15	MTHFD1L	ENSG00000145536.15	ADAMTS16	ENSG00000230266.1	XXYLT1-AS2
ENSG00000198826.11	ARHGAP11A	ENSG00000171551.12	ECEL1			ENSG00000226321.5	CROCC2	ENSG00000114423.22	CBLB	ENSG00000130775.16	THEMIS2		ENSG00000234127.9	TRIM26	ENSG00000286013.1	AC005050.2	ENSG00000188817.8	SNTN	ENSG00000216516.1	AL645733.1	ENSG00000251544.1	MTND5P12	ENSG00000202054.1	RNA5SP152
ENSG00000260139.6	CSPG4P13	ENSG00000283635.1	AC012485.3			ENSG00000228351.3	AC018832.1	ENSG00000114686.9	MRPL3	ENSG00000169403.12	PTAFR		ENSG00000106078.19	COBL	ENSG00000036448.10	MYOM2	ENSG00000240012.1	SLC9A9-AS1	ENSG00000106211.9	HSPB1	ENSG00000204544.5	MUC21	ENSG00000207756.1	MIR580
ENSG00000260619.1	AC068870.1	ENSG00000188817.8	SNTN			ENSG00000249833.7	CCDC37-DT	ENSG00000168827.14	GFM1	ENSG00000060688.13	SNRNP40		ENSG00000226581.2	LINC02848	ENSG00000212993.5	POU5F1B	ENSG00000152977.10	ZIC1	ENSG00000036448.10	MYOM2	ENSG00000287933.1	AL357141.1	ENSG00000276945.1	AC008498.1
ENSG00000125430.9	HS3ST3B1	ENSG00000251178.1	OR7E21P			ENSG00000288032.1	AC104472.5	ENSG00000173905.9	GOLIM4	ENSG00000160050.14	CCDC28B		ENSG00000285904.1	AC006452.2	ENSG00000165269.13	AQP7	ENSG00000230266.1	XXYLT1-AS2	ENSG00000212993.5	POU5F1B	ENSG00000220867.1	HSPE1P26	ENSG00000226306.6	NPY6R
ENSG00000064195.7	DLX3	ENSG00000152977.10	ZIC1			ENSG00000248763.2	AC111000.2	ENSG00000136527.18	TRA2B	ENSG00000084623.11	EIF3I		ENSG00000119121.22	TRPM6	ENSG00000287868.1	AL355377.4	ENSG00000202054.1	RNA5SP152	ENSG00000180264.11	ADGRD2	ENSG00000261275.1	AC092447.8	ENSG00000254211.6	LINC01485
ENSG00000251322.9	SHANK3	ENSG00000238741.1	SCARNA7			ENSG00000152595.16	MEPE	ENSG00000164168.8	TMEM184C	ENSG00000182866.17	LCK		ENSG00000230469.1	RPL5P26	ENSG00000065675.15	PRKCQ	ENSG00000242169.2	AC093789.1	ENSG00000065675.15	PRKCQ	ENSG00000285904.1	AC006452.2	ENSG00000219863.5	RPL31P28
		ENSG00000249513.2	AC110751.1			ENSG00000287544.1	AC097518.2	ENSG00000205208.5	C4orf46	ENSG00000126067.12	PSMB2		ENSG00000138207.14	RBP4	ENSG00000228484.3	AL137025.1	ENSG00000152669.9	CCNO	ENSG00000170324.21	FRMPD2	ENSG00000225365.1	AC078942.1	ENSG00000025039.15	RRAGD
		ENSG00000242169.2	AC093789.1			ENSG00000207756.1	MIR580	ENSG00000113161.16	HMGCR	ENSG00000054116.12	TRAPPC3		ENSG00000285231.1	OOSP3	ENSG00000131620.17	ANO1	ENSG00000184084.7	AC091868.1	ENSG00000228484.3	AL137025.1	ENSG00000253168.1	AC124069.1	ENSG00000229108.2	LINC02587
		ENSG00000250020.1	AC113430.1			ENSG00000276945.1	AC008498.1	ENSG00000145780.8	FEM1C	ENSG00000116898.12	MRPS15		ENSG00000280426.1	AC084876.2	ENSG00000172243.18	CLEC7A	ENSG00000251538.7	LINC02201	ENSG00000214026.11	MRPL23	ENSG00000180264.11	ADGRD2	ENSG00000122585.8	NPY
		ENSG00000152669.9	CCNO			ENSG00000254211.6	LINC01485	ENSG00000164284.15	GRPEL2	ENSG00000183386.10	FHL3		ENSG00000197595.4	ATP11AUN	ENSG00000111199.11	TRPV4	ENSG00000113205.5	PCDHB3	ENSG00000180919.3	OR56B4	ENSG00000170324.21	FRMPD2	ENSG00000287358.1	AL096706.1
		ENSG00000184084.7	AC091868.1			ENSG00000219863.5	RPL31P28	ENSG00000135316.18	SYNCRIP	ENSG00000168653.11	NDUFS5		ENSG00000140287.11	HDC	ENSG00000287887.1	AL391560.2	ENSG00000176049.16	JAKMIP2	ENSG00000072952.18	MRVI1	ENSG00000277371.1	AL360176.1	ENSG00000170743.17	SYT9
		ENSG00000251538.7	LINC02201			ENSG00000224221.1	RPS6P8	ENSG00000025039.15	RRAGD	ENSG00000117410.14	ATP6V0B		ENSG00000245479.3	LINC01585	ENSG00000180332.6	KCTD4	ENSG00000251405.3	AC016571.1	ENSG00000255082.1	GRM5-AS1	ENSG00000285231.1	OOSP3	ENSG00000287243.2	AC005908.3
		ENSG00000270892.1	AC006077.1			ENSG00000159904.11	ZNF890P	ENSG00000172469.16	MANEA	ENSG00000142937.12	RPS8		ENSG00000285303.1	AC004381.4	ENSG00000175344.18	CHRNA7	ENSG00000240729.1	AC146507.2	ENSG00000257894.2	AC027288.3	ENSG00000244641.2	RPS26P43	ENSG00000134532.18	SOX5
		ENSG00000176049.16	JAKMIP2			ENSG00000229108.2	LINC02587	ENSG00000029363.17	BCLAF1	ENSG00000126088.14	UROD		ENSG00000276408.1	AC025287.2	ENSG00000259892.1	AC027139.1	ENSG00000234127.9	TRIM26	ENSG00000111199.11	TRPV4	ENSG00000246705.4	H2AJ	ENSG00000257906.3	LINC02156
		ENSG00000251405.3	AC016571.1			ENSG00000283648.1	AC006974.2	ENSG00000136273.13	HUS1	ENSG00000173660.12	UQCRH		ENSG00000270647.6	TAF15	ENSG00000141052.17	MYOCD	ENSG00000153291.16	SLC25A27	ENSG00000089041.17	P2RX7	ENSG00000231894.2	WDR95P	ENSG00000196593.9	ANKRD20A19P
		ENSG00000253218.1	KLF3P1			ENSG00000260555.1	AC092681.2	ENSG00000091129.21	NRCAM	ENSG00000031698.13	SARS1		ENSG00000131401.11	NAPSB	ENSG00000213424.9	KRT222	ENSG00000025039.15	RRAGD	ENSG00000287887.1	AL391560.2	ENSG00000236520.2	GPC6-AS1	ENSG00000286099.1	AL390800.1
		ENSG00000240729.1	AC146507.2			ENSG00000165269.13	AQP7	ENSG00000106560.11	GIMAP2	ENSG00000134248.13	LAMTOR5		ENSG00000227401.1	RPL37P1	ENSG00000286997.1	AC005856.1	ENSG00000164532.11	TBX20	ENSG00000281106.4	TMEM272	ENSG00000279593.1	AL132642.2	ENSG00000275417.1	AC068726.1
		ENSG00000217159.2	LARP1P1			ENSG00000287868.1	AL355377.4	ENSG00000146918.20	NCAPG2	ENSG00000155366.16	RHOC		ENSG00000278530.4	CHMP1B2P	ENSG00000267529.3	AP005131.4	ENSG00000106078.19	COBL	ENSG00000175344.18	CHRNA7	ENSG00000103089.9	FA2H	ENSG00000136404.16	TM6SF1
		ENSG00000234127.9	TRIM26			ENSG00000275017.1	AL353748.2	ENSG00000198846.6	TOX	ENSG00000186141.9	POLR3C				ENSG00000186204.15	CYP4F12	ENSG00000226581.2	LINC02848	ENSG00000182718.16	ANXA2	ENSG00000176681.14	LRRC37A	ENSG00000141052.17	MYOCD
		ENSG00000153291.16	SLC25A27			ENSG00000287358.1	AL096706.1	ENSG00000172817.4	CYP7B1	ENSG00000265241.6	RBM8A				ENSG00000267014.6	LINC01532	ENSG00000253513.1	AC009908.1	ENSG00000260139.6	CSPG4P13	ENSG00000267719.1	LINC02078	ENSG00000222881.1	AC080112.1
		ENSG00000232876.1	AL353596.1			ENSG00000286445.1	AL355334.2	ENSG00000235531.11	MSC-AS1	ENSG00000159352.15	PSMD4				ENSG00000275620.1	AL121827.2	ENSG00000119121.22	TRPM6	ENSG00000259495.3	AC016705.2	ENSG00000167815.12	PRDX2	ENSG00000285931.1	AC005495.2
		ENSG00000177706.9	FAM20C			ENSG00000228484.3	AL137025.1	ENSG00000104361.10	NIPAL2	ENSG00000159377.11	PSMB4				ENSG00000284031.1	MIR4761	ENSG00000185904.12	LINC00839	ENSG00000176681.14	LRRC37A	ENSG00000126267.11	COX6B1	ENSG00000258609.3	LINC-ROR
		ENSG00000164532.11	TBX20			ENSG00000131620.17	ANO1	ENSG00000148110.16	MFSD14B	ENSG00000196154.12	S100A4				ENSG00000241693.2	RN7SL704P	ENSG00000229859.10	PGA3	ENSG00000176170.13	SPHK1	ENSG00000131401.11	NAPSB	ENSG00000186204.15	CYP4F12
		ENSG00000106078.19	COBL			ENSG00000255319.5	ENPP7P8	ENSG00000167106.12	FAM102A	ENSG00000143545.10	RAB13				ENSG00000235209.1	AL022318.1	ENSG00000256091.1	MTRF1LP1	ENSG00000267719.1	LINC02078	ENSG00000167077.13	MEI1	ENSG00000280061.1	AC011504.1
		ENSG00000226581.2	LINC02848			ENSG00000257906.3	LINC02156	ENSG00000015171.19	ZMYND11	ENSG00000177954.14	RPS27				ENSG00000251322.9	SHANK3	ENSG00000139220.16	PPFIA2	ENSG00000264149.1	AC103987.3			ENSG00000268153.5	AC005176.1
		ENSG00000285904.1	AC006452.2			ENSG00000197301.7	HMGA2-AS1	ENSG00000107485.18	GATA3	ENSG00000163344.6	PMVK				ENSG00000287918.1	AF274853.1	ENSG00000280426.1	AC084876.2	ENSG00000267014.6	LINC01532			ENSG00000269296.1	AC005614.1
		ENSG00000253513.1	AC009908.1			ENSG00000196593.9	ANKRD20A19P	ENSG00000151224.13	MAT1A	ENSG00000163479.14	SSR2						ENSG00000279388.1	AC073578.3	ENSG00000124469.12	CEACAM8			ENSG00000159212.12	CLIC6
		ENSG00000261678.3	SCRT1			ENSG00000180332.6	KCTD4	ENSG00000077458.13	FAM76B	ENSG00000116586.12	LAMTOR2						ENSG00000251015.1	SLC25A30-AS1	ENSG00000131059.12	BPIFA3			ENSG00000093100.13	AC016026.1
		ENSG00000119121.22	TRPM6			ENSG00000229521.2	MYCBP2-AS2	ENSG00000150776.18	NKAPD1	ENSG00000163468.15	CCT3						ENSG00000235711.4	ANKRD34C	ENSG00000237214.3	AL080243.4			ENSG00000284031.1	MIR4761
		ENSG00000239705.2	AL354710.2			ENSG00000258675.2	LINC02308	ENSG00000060982.15	BCAT1	ENSG00000143314.12	MRPL24						ENSG00000136404.16	TM6SF1	ENSG00000167077.13	MEI1			ENSG00000241693.2	RN7SL704P
		ENSG00000230469.1	RPL5P26			ENSG00000165959.12	CLMN	ENSG00000118596.12	SLC16A7	ENSG00000158773.14	USF1						ENSG00000245479.3	LINC01585	ENSG00000251322.9	SHANK3			ENSG00000235209.1	AL022318.1
		ENSG00000173267.14	SNCG			ENSG00000275417.1	AC068726.1	ENSG00000111331.13	OAS3	ENSG00000143256.5	PFDN2						ENSG00000285303.1	AC004381.4	ENSG00000214897.5	PNMA6E			ENSG00000187268.12	FAM9C
		ENSG00000285231.1	OOSP3			ENSG00000103154.9	NECAB2	ENSG00000132953.16	XPO4	ENSG00000117592.9	PRDX6						ENSG00000276408.1	AC025287.2					ENSG00000147036.11	LANCL3
		ENSG00000255319.5	ENPP7P8			ENSG00000270159.1	AC018695.3	ENSG00000133985.3	TTC9	ENSG00000162783.11	IER5						ENSG00000270647.6	TAF15					ENSG00000285709.1	AL592164.2
		ENSG00000254528.7	AP000757.1			ENSG00000141052.17	MYOCD	ENSG00000042088.14	TDP1	ENSG00000143851.15	PTPN7						ENSG00000278053.5	DDX52					ENSG00000287918.1	AF274853.1
		ENSG00000198851.10	CD3E			ENSG00000222881.1	AC080112.1	ENSG00000128944.13	KNSTRN	ENSG00000162889.10	MAPKAPK2						ENSG00000222881.1	AC080112.1						
		ENSG00000256084.1	AC092112.1			ENSG00000213424.9	KRT222	ENSG00000069956.12	MAPK6	ENSG00000123685.9	BATF3						ENSG00000200783.1	RN7SKP180						
		ENSG00000139220.16	PPFIA2			ENSG00000286997.1	AC005856.1	ENSG00000066654.14	THUMPD1	ENSG00000143740.14	SNAP47						ENSG00000258609.3	LINC-ROR						
		ENSG00000280426.1	AC084876.2			ENSG00000182352.8	C17orf77	ENSG00000132382.14	MYBBP1A	ENSG00000171863.15	RPS7						ENSG00000269296.1	AC005614.1						
		ENSG00000279388.1	AC073578.3			ENSG00000267529.3	AP005131.4	ENSG00000167182.15	SP2	ENSG00000134330.19	IAH1						ENSG00000093100.13	AC016026.1						
		ENSG00000197595.4	ATP11AUN			ENSG00000267587.1	AC090241.1	ENSG00000136450.13	SRSF1	ENSG00000138073.14	PREB						ENSG00000187268.12	FAM9C						
		ENSG00000140287.11	HDC			ENSG00000267215.2	AC040963.1	ENSG00000163597.15	SNHG16	ENSG00000115241.11	PPM1G						ENSG00000147036.11	LANCL3						
		ENSG00000245479.3	LINC01585			ENSG00000174898.16	CATSPERD	ENSG00000185359.13	HGS	ENSG00000003509.16	NDUFAF7						ENSG00000216001.3	MIR450B						
		ENSG00000133393.13	FOPNL			ENSG00000186204.15	CYP4F12	ENSG00000177150.13	FAM210A	ENSG00000213553.4	RPLP0P6													
		ENSG00000285303.1	AC004381.4			ENSG00000280061.1	AC011504.1	ENSG00000172466.16	ZNF24	ENSG00000143891.17	GALM													
		ENSG00000261049.2	AC007347.1			ENSG00000204851.7	PNMA8B	ENSG00000197016.12	ZNF470	ENSG00000057935.13	MTA3													
		ENSG00000276408.1	AC025287.2			ENSG00000178928.8	TPRX1	ENSG00000154642.11	C21orf91	ENSG00000162882.15	HAAO													
		ENSG00000235979.9	AC004448.2			ENSG00000286470.1	AL034427.1	ENSG00000154727.10	GABPA	ENSG00000143947.13	RPS27A													
		ENSG00000270647.6	TAF15			ENSG00000284031.1	MIR4761	ENSG00000159212.12	CLIC6	ENSG00000173163.10	COMMD1													
		ENSG00000278053.5	DDX52			ENSG00000241693.2	RN7SL704P	ENSG00000223768.2	LINC00205	ENSG00000143951.16	WDPCP													
		ENSG00000222881.1	AC080112.1			ENSG00000235209.1	AL022318.1	ENSG00000212907.2	MT-ND4L	ENSG00000114956.20	DGUOK													
		ENSG00000279281.1	AC015883.1			ENSG00000274717.1	AL049757.2	ENSG00000198886.2	MT-ND4	ENSG00000005448.17	WDR54													
		ENSG00000167419.11	LPO			ENSG00000285709.1	AL592164.2	ENSG00000198727.2	MT-CYB	ENSG00000115325.13	DOK1													
		ENSG00000267215.2	AC040963.1			ENSG00000284391.1	AL139398.1			ENSG00000163541.12	SUCLG1													
		ENSG00000181588.16	MEX3D			ENSG00000287918.1	AF274853.1			ENSG00000034510.6	TMSB10													
		ENSG00000221826.10	PSG3							ENSG00000118640.11	VAMP8													
		ENSG00000132639.12	SNAP25							ENSG00000168899.5	VAMP5													
		ENSG00000227401.1	RPL37P1							ENSG00000168894.10	RNF181													
		ENSG00000154721.15	JAM2							ENSG00000168883.20	USP39													
		ENSG00000274588.2	DGKK							ENSG00000211592.8	IGKC													
		ENSG00000226530.2	AL158055.1							ENSG00000135940.7	COX5B													
		ENSG00000231651.1	DLG3-AS1							ENSG00000158417.11	EIF5B													
		ENSG00000278530.4	CHMP1B2P							ENSG00000071082.11	RPL31													
		ENSG00000101844.18	ATG4A							ENSG00000135972.9	MRPS9													
		ENSG00000216001.3	MIR450B							ENSG00000136732.16	GYPC													
										ENSG00000136717.15	BIN1													
										ENSG00000076003.5	MCM6													
										ENSG00000114942.14	EEF1B2													
										ENSG00000230076.1	RPL10P6													
										ENSG00000197756.10	RPL37A													
										ENSG00000127838.14	PNKD													
										ENSG00000135926.15	TMBIM1													
										ENSG00000127824.14	TUBA4A													
										ENSG00000135924.15	DNAJB2													
										ENSG00000152056.17	AP1S3													
										ENSG00000135916.16	ITM2C													
										ENSG00000237039.1	AC018738.1													
										ENSG00000135930.14	EIF4E2													
										ENSG00000130414.12	NDUFA10													
										ENSG00000172428.11	COPS9													
										ENSG00000163719.19	MTMR14													
										ENSG00000254999.4	BRK1													
										ENSG00000287086.1	AC034193.1													
										ENSG00000144713.13	RPL32													
										ENSG00000132967.9	HMGB1P5													
										ENSG00000168028.14	RPSA													
										ENSG00000188846.14	RPL14													
										ENSG00000075914.13	EXOSC7													
										ENSG00000144791.10	LIMD1													
										ENSG00000010256.11	UQCRC1													
										ENSG00000178467.18	P4HTM													
										ENSG00000178035.12	IMPDH2													
										ENSG00000188315.8	C3orf62													
										ENSG00000145050.18	MANF													
										ENSG00000164081.12	TEX264													
										ENSG00000162244.12	RPL29													
										ENSG00000168268.11	NT5DC2													
										ENSG00000242960.1	FTH1P23													
										ENSG00000242299.1	AC073861.1													
										ENSG00000114391.13	RPL24													
										ENSG00000138495.6	COX17													
										ENSG00000180353.11	HCLS1													
										ENSG00000240682.9	ISY1													
										ENSG00000114416.18	FXR1													
										ENSG00000229638.1	RPL4P4													
										ENSG00000223803.1	RPS20P14													
										ENSG00000182899.17	RPL35A													
										ENSG00000125089.17	SH3TC1													
										ENSG00000163682.16	RPL9													
										ENSG00000145247.12	OCIAD2													
										ENSG00000109475.16	RPL34													
										ENSG00000005059.16	MCUB													
										ENSG00000196656.7	AC004057.1													
										ENSG00000145425.10	RPS3A													
										ENSG00000145494.11	NDUFS6													
										ENSG00000113387.12	SUB1													
										ENSG00000240376.1	AC010343.1													
										ENSG00000145592.14	RPL37													
										ENSG00000226221.1	RPL26P19													
										ENSG00000186468.13	RPS23													
										ENSG00000127184.13	COX7C													
										ENSG00000251544.1	MTND5P12													
										ENSG00000169567.12	HINT1													
										ENSG00000125347.14	IRF1													
										ENSG00000164405.11	UQCRQ													
										ENSG00000237190.4	CDKN2AIPNL													
										ENSG00000120725.13	SIL1													
										ENSG00000120306.11	CYSTM1													
										ENSG00000164587.13	RPS14													
										ENSG00000145901.15	TNIP1													
										ENSG00000197043.14	ANXA6													
										ENSG00000198624.13	CCDC69													
										ENSG00000177556.12	ATOX1													
										ENSG00000113312.11	TTC1													
										ENSG00000164611.13	PTTG1													
										ENSG00000175416.14	CLTB													
										ENSG00000204628.12	RACK1													
										ENSG00000124588.20	NQO2													
										ENSG00000220472.1	AL139095.2													
										ENSG00000047579.19	DTNBP1													
										ENSG00000079691.18	CARMIL1													
										ENSG00000204590.12	GNL1													
										ENSG00000204435.13	CSNK2B													
										ENSG00000213719.8	CLIC1													
										ENSG00000196126.11	HLA-DRB1													
										ENSG00000204264.11	PSMB8													
										ENSG00000204228.4	HSD17B8													
										ENSG00000204227.5	RING1													
										ENSG00000231500.7	RPS18													
										ENSG00000204220.11	PFDN6													
										ENSG00000124562.10	SNRPC													
										ENSG00000198755.11	RPL10A													
										ENSG00000010030.14	ETV7													
										ENSG00000198937.9	CCDC167													
										ENSG00000137161.17	CNPY3													
										ENSG00000146232.17	NFKBIE													
										ENSG00000168216.13	LMBRD1													
										ENSG00000112695.11	COX7A2													
										ENSG00000118418.14	HMGN3													
										ENSG00000203875.13	SNHG5													
										ENSG00000111832.13	RWDD1													
										ENSG00000112306.8	RPS12													
										ENSG00000169976.7	SF3B5													
										ENSG00000218426.5	AL590867.2													
										ENSG00000092820.18	EZR													
										ENSG00000008018.9	PSMB1													
										ENSG00000136238.18	RAC1													
										ENSG00000196683.10	TOMM7													
										ENSG00000106105.14	GARS1													
										ENSG00000164610.9	RP9													
										ENSG00000106605.11	BLVRA													
										ENSG00000106636.8	YKT6													
										ENSG00000146677.7	AC004453.1													
										ENSG00000196262.14	PPIA													
										ENSG00000105968.18	H2AZ2													
										ENSG00000154978.13	VOPP1													
										ENSG00000169919.17	GUSB													
										ENSG00000126522.17	ASL													
										ENSG00000229180.7	AC006001.3													
										ENSG00000106211.9	HSPB1													
										ENSG00000075142.13	SRI													
										ENSG00000127922.9	SEM1													
										ENSG00000106245.11	BUD31													
										ENSG00000241468.7	ATP5MF													
										ENSG00000168090.10	COPS6													
										ENSG00000188186.10	LAMTOR4													
										ENSG00000214253.9	FIS1													
										ENSG00000160991.16	ORAI2													
										ENSG00000158457.6	TSPAN33													
										ENSG00000033050.9	ABCF2													
										ENSG00000275074.2	NUDT18													
										ENSG00000133872.14	SARAF													
										ENSG00000187840.5	EIF4EBP1													
										ENSG00000008988.9	RPS20													
										ENSG00000147604.14	RPL7													
										ENSG00000237264.4	FTH1P11													
										ENSG00000240509.1	RPL34P18													
										ENSG00000156467.9	UQCRB													
										ENSG00000156482.11	RPL30													
										ENSG00000164919.11	COX6C													
										ENSG00000147684.9	NDUFB9													
										ENSG00000160932.11	LY6E													
										ENSG00000161016.17	RPL8													
										ENSG00000120158.12	RCL1													
										ENSG00000137154.13	RPS6													
										ENSG00000164978.18	NUDT2													
										ENSG00000137100.16	DCTN3													
										ENSG00000165283.16	STOML2													
										ENSG00000107175.12	CREB3													
										ENSG00000122705.17	CLTA													
										ENSG00000236801.1	RPL24P8													
										ENSG00000107362.13	ABHD17B													
										ENSG00000234618.1	RPSAP9													
										ENSG00000157303.11	SUSD3													
										ENSG00000136938.9	ANP32B													
										ENSG00000136810.13	TXN													
										ENSG00000106853.20	PTGR1													
										ENSG00000136930.13	PSMB7													
										ENSG00000136942.15	RPL35													
										ENSG00000197958.13	RPL12													
										ENSG00000136908.17	DPM2													
										ENSG00000223551.1	TMSB4XP4													
										ENSG00000119333.11	WDR34													
										ENSG00000107223.13	EDF1													
										ENSG00000026025.16	VIM													
										ENSG00000265354.4	TIMM23													
										ENSG00000204161.14	TMEM273													
										ENSG00000156502.14	SUPV3L1													
										ENSG00000172586.8	CHCHD1													
										ENSG00000138326.21	RPS24													
										ENSG00000119929.13	CUTC													
										ENSG00000166136.16	NDUFB8													
										ENSG00000107833.10	NPM3													
										ENSG00000107874.11	CUEDC2													
										ENSG00000138175.9	ARL3													
										ENSG00000173915.16	ATP5MD													
										ENSG00000148834.13	GSTO1													
										ENSG00000138166.6	DUSP5													
										ENSG00000170430.10	MGMT													
										ENSG00000127884.5	ECHS1													
										ENSG00000177600.9	RPLP2													
										ENSG00000214026.11	MRPL23													
										ENSG00000110651.11	CD81													
										ENSG00000129757.13	CDKN1C													
										ENSG00000170955.10	CAVIN3													
										ENSG00000132286.12	TIMM10B													
										ENSG00000175390.14	EIF3F													
										ENSG00000166441.13	RPL27A													
										ENSG00000244398.1	AC116533.1													
										ENSG00000110700.7	RPS13													
										ENSG00000070081.17	NUCB2													
										ENSG00000129158.11	SERGEF													
										ENSG00000244313.3	AC024293.1													
										ENSG00000134574.11	DDB2													
										ENSG00000156587.16	UBE2L6													
										ENSG00000213593.10	TMX2													
										ENSG00000162191.13	UBXN1													
										ENSG00000168002.12	POLR2G													
										ENSG00000162236.12	STX5													
										ENSG00000168003.16	SLC3A2													
										ENSG00000126432.14	PRDX5													
										ENSG00000146670.10	CDCA5													
										ENSG00000149806.11	FAU													
										ENSG00000172500.12	FIBP													
										ENSG00000175550.8	DRAP1													
										ENSG00000175334.8	BANF1													
										ENSG00000174744.14	BRMS1													
										ENSG00000174547.13	MRPL11													
										ENSG00000173992.9	CCS													
										ENSG00000172531.15	PPP1CA													
										ENSG00000084207.18	GSTP1													
										ENSG00000172890.13	NADSYN1													
										ENSG00000227615.1	AP001324.1													
										ENSG00000137486.17	ARRB1													
										ENSG00000149273.15	RPS3													
										ENSG00000149196.16	HIKESHI													
										ENSG00000150779.12	TIMM8B													
										ENSG00000118181.11	RPS25													
										ENSG00000111186.13	WNT5B													
										ENSG00000111639.8	MRPL51													
										ENSG00000111669.15	TPI1													
										ENSG00000246705.4	H2AJ													
										ENSG00000111716.14	LDHB													
										ENSG00000178449.9	COX14													
										ENSG00000123349.14	PFDN5													
										ENSG00000135390.20	ATP5MC2													
										ENSG00000123415.15	SMUG1													
										ENSG00000135486.17	HNRNPA1													
										ENSG00000135404.11	CD63													
										ENSG00000170473.17	PYM1													
										ENSG00000197728.11	RPS26													
										ENSG00000229117.9	RPL41													
										ENSG00000196465.10	MYL6B													
										ENSG00000092841.18	MYL6													
										ENSG00000196531.12	NACA													
										ENSG00000182199.11	SHMT2													
										ENSG00000175197.12	DDIT3													
										ENSG00000135439.11	AGAP2													
										ENSG00000139433.10	GLTP													
										ENSG00000089248.7	ERP29													
										ENSG00000089009.15	RPL6													
										ENSG00000088992.18	TESC													
										ENSG00000135127.11	BICDL1													
										ENSG00000089157.16	RPLP0													
										ENSG00000111775.3	COX6A1													
										ENSG00000257218.6	GATC													
										ENSG00000167272.11	POP5													
										ENSG00000157837.16	SPPL3													
										ENSG00000089041.17	P2RX7													
										ENSG00000150977.10	RILPL2													
										ENSG00000150459.12	SAP18													
										ENSG00000122026.10	RPL21													
										ENSG00000132963.8	POMP													
										ENSG00000188243.12	COMMD6													
										ENSG00000233695.2	GAS6-AS1													
										ENSG00000129562.11	DAD1													
										ENSG00000100804.19	PSMB5													
										ENSG00000157326.19	DHRS4													
										ENSG00000100889.12	PCK2													
										ENSG00000092010.15	PSME1													
										ENSG00000100911.16	PSME2													
										ENSG00000213741.10	RPS29													
										ENSG00000165502.7	RPL36AL													
										ENSG00000242071.3	RPL7AP6													
										ENSG00000165898.14	ISCA2													
										ENSG00000156411.9	ATP5MPL													
										ENSG00000182117.5	NOP10													
										ENSG00000104129.10	DNAJC17													
										ENSG00000140264.19	SERF2													
										ENSG00000138606.19	SHF													
										ENSG00000137767.14	SQOR													
										ENSG00000247982.6	LINC00926													
										ENSG00000182718.16	ANXA2													
										ENSG00000185088.14	RPS27L													
										ENSG00000166794.4	PPIB													
										ENSG00000174444.15	RPL4													
										ENSG00000140350.15	ANP32A													
										ENSG00000178741.12	COX5A													
										ENSG00000178718.6	RPP25													
										ENSG00000138621.12	PPCDC													
										ENSG00000041357.16	PSMA4													
										ENSG00000140379.8	BCL2A1													
										ENSG00000103876.12	FAH													
										ENSG00000237550.5	AC243919.1													
										ENSG00000182774.13	RPS17													
										ENSG00000172183.15	ISG20													
										ENSG00000185043.12	CIB1													
										ENSG00000086504.17	MRPL28													
										ENSG00000130731.16	METTL26													
										ENSG00000140990.15	NDUFB10													
										ENSG00000103363.14	ELOB													
										ENSG00000184857.8	TMEM186													
										ENSG00000262454.4	MIR193BHG													
										ENSG00000134419.15	RPS15A													
										ENSG00000205629.12	LCMT1													
										ENSG00000169189.17	NSMCE1													
										ENSG00000178952.11	TUFM													
										ENSG00000103485.19	QPRT													
										ENSG00000013364.19	MVP													
										ENSG00000149932.17	TMEM219													
										ENSG00000149923.14	PPP4C													
										ENSG00000179918.19	SEPHS2													
										ENSG00000169955.7	ZNF747													
										ENSG00000103496.15	STX4													
										ENSG00000087263.17	OGFOD1													
										ENSG00000166595.12	CIAO2B													
										ENSG00000102878.16	HSF4													
										ENSG00000140939.14	NOL3													
										ENSG00000168701.19	TMEM208													
										ENSG00000159720.12	ATP6V0D1													
										ENSG00000223496.3	EXOSC6													
										ENSG00000153774.9	CFDP1													
										ENSG00000103187.8	COTL1													
										ENSG00000131143.10	COX4I1													
										ENSG00000167515.10	TRAPPC2L													
										ENSG00000167526.13	RPL13													
										ENSG00000141456.16	PELP1													
										ENSG00000142507.10	PSMB6													
										ENSG00000108515.17	ENO3													
										ENSG00000091592.16	NLRP1													
										ENSG00000205544.4	TMEM256													
										ENSG00000170043.12	TRAPPC1													
										ENSG00000161970.15	RPL26													
										ENSG00000276231.5	PIK3R6													
										ENSG00000170310.15	STX8													
										ENSG00000263266.2	RPS7P1													
										ENSG00000198242.14	RPL23A													
										ENSG00000132589.16	FLOT2													
										ENSG00000172301.11	COPRS													
										ENSG00000273604.2	EPOP													
										ENSG00000277791.5	PSMB3													
										ENSG00000125691.13	RPL23													
										ENSG00000108298.11	RPL19													
										ENSG00000141753.7	IGFBP4													
										ENSG00000068120.15	COASY													
										ENSG00000183978.8	COA3													
										ENSG00000131469.14	RPL27													
										ENSG00000068079.7	IFI35													
										ENSG00000002919.14	SNX11													
										ENSG00000159210.10	SNF8													
										ENSG00000108798.9	ABI3													
										ENSG00000108826.16	MRPL27													
										ENSG00000167107.12	ACSF2													
										ENSG00000239672.7	NME1													
										ENSG00000087191.13	PSMC5													
										ENSG00000108604.16	SMARCD2													
										ENSG00000007312.12	CD79B													
										ENSG00000172809.13	RPL38													
										ENSG00000167862.10	MRPL58													
										ENSG00000189159.16	JPT1													
										ENSG00000266714.9	MYO15B													
										ENSG00000185262.9	UBALD2													
										ENSG00000214087.8	ARL16													
										ENSG00000187531.14	SIRT7													
										ENSG00000169738.8	DCXR													
										ENSG00000176014.13	TUBB6													
										ENSG00000167088.11	SNRPD1													
										ENSG00000153391.15	INO80C													
										ENSG00000166562.9	SEC11C													
										ENSG00000101493.11	ZNF516													
										ENSG00000141759.15	TXNL4A													
										ENSG00000167468.17	GPX4													
										ENSG00000127540.12	UQCR11													
										ENSG00000008382.15	MPND													
										ENSG00000185361.9	TNFAIP8L1													
										ENSG00000074842.8	MYDGF													
										ENSG00000130255.13	RPL36													
										ENSG00000174917.8	MICOS13													
										ENSG00000125651.14	GTF2F1													
										ENSG00000233927.5	RPS28													
										ENSG00000099783.12	HNRNPM													
										ENSG00000198258.10	UBL5													
										ENSG00000130811.12	EIF3G													
										ENSG00000105401.9	CDC37													
										ENSG00000105518.14	TMEM205													
										ENSG00000178464.6	RPL10P16													
										ENSG00000123144.11	TRIR													
										ENSG00000179271.3	GADD45GIP1													
										ENSG00000104979.9	C19orf53													
										ENSG00000141858.12	SAMD1													
										ENSG00000123143.12	PKN1													
										ENSG00000099797.15	TECR													
										ENSG00000196684.12	HSH2D													
										ENSG00000214046.8	SMIM7													
										ENSG00000105393.16	BABAM1													
										ENSG00000130303.13	BST2													
										ENSG00000130520.10	LSM4													
										ENSG00000130517.14	PGPEP1													
										ENSG00000221983.8	UBA52													
										ENSG00000225178.5	RPSAP58													
										ENSG00000161249.21	DMKN													
										ENSG00000105677.12	TMEM147													
										ENSG00000126267.11	COX6B1													
										ENSG00000126247.11	CAPNS1													
										ENSG00000099337.5	KCNK6													
										ENSG00000178982.10	EIF3K													
										ENSG00000130755.13	GMFG													
										ENSG00000063322.15	MED29													
										ENSG00000105193.9	RPS16													
										ENSG00000105202.9	FBL													
										ENSG00000105372.8	RPS19													
										ENSG00000160570.14	DEDD2													
										ENSG00000104783.14	KCNN4													
										ENSG00000104884.15	ERCC2													
										ENSG00000012061.15	ERCC1													
										ENSG00000125743.10	SNRPD2													
										ENSG00000160014.17	CALM3													
										ENSG00000105281.12	SLC1A5													
										ENSG00000087088.20	BAX													
										ENSG00000087086.15	FTL													
										ENSG00000183207.14	RUVBL2													
										ENSG00000142541.17	RPL13A													
										ENSG00000142534.7	RPS11													
										ENSG00000243829.1	AC011495.1													
										ENSG00000170889.14	RPS9													
										ENSG00000108107.14	RPL28													
										ENSG00000108106.14	UBE2S													
										ENSG00000090971.5	NAT14													
										ENSG00000171425.10	ZNF581													
										ENSG00000083845.9	RPS5													
										ENSG00000130724.9	CHMP2A													
										ENSG00000130725.8	UBE2M													
										ENSG00000088832.17	FKBP1A													
										ENSG00000125877.13	ITPA													
										ENSG00000214535.3	RPS15AP1													
										ENSG00000242372.8	EIF6													
										ENSG00000132792.19	CTNNBL1													
										ENSG00000025772.8	TOMM34													
										ENSG00000124243.17	BCAS4													
										ENSG00000101160.14	CTSZ													
										ENSG00000124172.10	ATP5F1E													
										ENSG00000171858.18	RPS21													
										ENSG00000101150.17	TPD52L2													
										ENSG00000101161.8	PRPF6													
										ENSG00000154719.13	MRPL39													
										ENSG00000154723.12	ATP5PF													
										ENSG00000142168.14	SOD1													
										ENSG00000241837.7	ATP5PO													
										ENSG00000157601.14	MX1													
										ENSG00000160221.18	GATD3A													
										ENSG00000182362.14	YBEY													
										ENSG00000131100.13	ATP6V1E1													
										ENSG00000128228.5	SDF2L1													
										ENSG00000211677.2	IGLC2													
										ENSG00000100014.20	SPECC1L													
										ENSG00000100058.12	CRYBB2P1													
										ENSG00000100360.15	IFT27													
										ENSG00000128311.14	TST													
										ENSG00000100092.23	SH3BP1													
										ENSG00000100097.12	LGALS1													
										ENSG00000128394.17	APOBEC3F													
										ENSG00000100316.16	RPL3													
										ENSG00000187051.9	RPS19BP1													
										ENSG00000237214.3	AL080243.4													
										ENSG00000100410.8	PHF5A													
										ENSG00000100417.12	PMM1													
										ENSG00000184208.12	C22orf46													
										ENSG00000167077.13	MEI1													
										ENSG00000189306.11	RRP7A													
										ENSG00000188677.14	PARVB													
										ENSG00000138964.17	PARVG													
										ENSG00000185386.15	MAPK11													
										ENSG00000205542.11	TMSB4X													
										ENSG00000131828.14	PDHA1													
										ENSG00000123131.13	PRDX4													
										ENSG00000123130.17	ACOT9													
										ENSG00000238103.4	RPL9P7													
										ENSG00000147123.10	NDUFB11													
										ENSG00000102265.12	TIMP1													
										ENSG00000147155.11	EBP													
										ENSG00000102103.16	PQBP1													
										ENSG00000072506.13	HSD17B10													
										ENSG00000102316.17	MAGED2													
										ENSG00000089289.16	IGBP1													
										ENSG00000082458.12	DLG3													
										ENSG00000102309.15	PIN4													
										ENSG00000198034.11	RPS4X													
										ENSG00000131174.7	COX7B													
										ENSG00000133142.17	TCEAL4													
										ENSG00000234785.1	EEF1GP5													
										ENSG00000198918.8	RPL39													
										ENSG00000125356.7	NDUFA1													
										ENSG00000185825.17	BCAP31													
										ENSG00000102030.16	NAA10													
										ENSG00000147403.16	RPL10													
										ENSG00000071859.15	FAM50A													
										ENSG00000196976.7	LAGE3													