	Supplementary table 2_6: GO results of N-scRNA (GO categories shown in Figure 2.3)							
		nGenes	Pathway Genes	Fold Enrichment	Pathway	URL	Genes	
BP:GO - correlated with both human and chimpanzee ZEB2 (n = 214)	1.6E-90	68	178	37.99	GO:0002181 cytoplasmic translation	http://amigo.geneontology.org/amigo/term/GO:0002181	RPL31,RPL6,RPLP0,RPL24,RPL22,RPL36,RPLP1,RPL8,RPL26,RPL29,RPL9,RPL15,RPL35A,RPS20,RPL18,RPS5,RPL3,EIF3E,RPS16,RPS19,RPL18A,RPL28,RPL19,RPL34,RPS13,RPS12,RPS15,RPL21,RPL5,RPL23,RPL27,RPS15A,RPL35,RPS6,RPS24,RPS2,RPS11,RPL13A,RPL11,RPS8,RPS27A,RPL32,RPS3A,RPL37,RPL10,RPL7,RPS3,FAU,RPL30,RPS14,RPL27A,RPL13,RPS21,RPS7,RPL4,RPLP2,RPS27,RPS23,RPL14,RPS26,RPL12,RPS4X,RPL23A,RPL10A,RPL39,RPS29,UBA52,RPL41	
	8.9E-51	74	784	9.84	GO:0006412 translation	http://amigo.geneontology.org/amigo/term/GO:0006412	RPL31,RPS5,RPL6,RPLP0,EIF3E,RPL24,RPL22,RPL36,RPLP1,RPS2,RPL13A,EEF1A1,RPL8,RPL26,RPL29,RPL9,RPS14,RPL15,RPL35A,RPS23,RPL12,RPS4X,RPS20,RPL18,RPL3,RPS16,RPS19,RPL18A,RPL28,RPL19,RPL34,RPS13,RPS12,RPS15,RPL21,RPL5,RPL23,RPL27,RPS15A,RPL35,RPS6,RPS24,RPS11,RPL11,RPS8,RPS27A,RPL32,RPS3A,RPL37,RPL10,RPL7,RPS3,FAU,RPL30,RPL27A,RPL13,RPS21,RPS7,RPL4,RPLP2,RPS27,RPL14,RPS26,RPL23A,RPL10A,RPL39,RPS29,UBA52,RPL41,EIF1,QKI,ELAVL4,VIM,SOX4	
	1.3E-49	74	814	9.44	GO:0043043 peptide biosynthetic proc.	http://amigo.geneontology.org/amigo/term/GO:0043043	RPL31,RPS5,RPL6,RPLP0,EIF3E,RPL24,RPL22,RPL36,RPLP1,RPS2,RPL13A,EEF1A1,RPL8,RPL26,RPL29,RPL9,RPS14,RPL15,RPL35A,RPS23,RPL12,RPS4X,RPS20,RPL18,RPL3,RPS16,RPS19,RPL18A,RPL28,RPL19,RPL34,RPS13,RPS12,RPS15,RPL21,RPL5,RPL23,RPL27,RPS15A,RPL35,RPS6,RPS24,RPS11,RPL11,RPS8,RPS27A,RPL32,RPS3A,RPL37,RPL10,RPL7,RPS3,FAU,RPL30,RPL27A,RPL13,RPS21,RPS7,RPL4,RPLP2,RPS27,RPL14,RPS26,RPL23A,RPL10A,RPL39,RPS29,UBA52,RPL41,EIF1,QKI,ELAVL4,VIM,SOX4	
	2.1E-44	74	959	7.95	GO:0043604 amide biosynthetic proc.	http://amigo.geneontology.org/amigo/term/GO:0043604	RPL31,RPS5,RPL6,RPLP0,EIF3E,RPL24,RPL22,RPL36,RPLP1,RPS2,RPL13A,EEF1A1,RPL8,RPL26,RPL29,RPL9,RPS14,RPL15,RPL35A,RPS23,RPL12,RPS4X,RPS20,RPL18,RPL3,RPS16,RPS19,RPL18A,RPL28,RPL19,RPL34,RPS13,RPS12,RPS15,RPL21,RPL5,RPL23,RPL27,RPS15A,RPL35,RPS6,RPS24,RPS11,RPL11,RPS8,RPS27A,RPL32,RPS3A,RPL37,RPL10,RPL7,RPS3,FAU,RPL30,RPL27A,RPL13,RPS21,RPS7,RPL4,RPLP2,RPS27,RPL14,RPS26,RPL23A,RPL10A,RPL39,RPS29,UBA52,RPL41,EIF1,QKI,ELAVL4,VIM,SOX4	
	1.5E-13	26	327	7.80	GO:0042254 ribosome biogenesis	http://amigo.geneontology.org/amigo/term/GO:0042254	RPS5,RPL6,RPLP0,RPL3,RPS16,RPS19,RPS15,RPL5,RPL35,RPS8,RPL10,RPL7,RPL26,RPS14,RPS21,RPS7,RPS27,RPL35A,RPL14,RPL23A,RPL10A,RPL24,RPS6,RPL27,RPS24,RPL11	
	2.1E-44	75	999	7.78	GO:0006518 peptide metabolic proc.	http://amigo.geneontology.org/amigo/term/GO:0006518	RPL31,RPS5,RPL6,RPLP0,EIF3E,RPL24,RPL22,RPL36,RPLP1,RPS2,RPL13A,EEF1A1,RPL8,RPL26,RPL29,RPL9,RPS14,RPL15,RPL35A,RPS23,RPL12,RPS4X,RPS20,RPL18,RPL3,RPS16,RPS19,RPL18A,RPL28,RPL19,RPL34,RPS13,RPS12,RPS15,RPL21,RPL5,RPL23,RPL27,RPS15A,RPL35,RPS6,RPS24,RPS11,RPL11,RPS8,RPS27A,RPL32,RPS3A,RPL37,RPL10,RPL7,RPS3,FAU,RPL30,RPL27A,RPL13,RPS21,RPS7,RPL4,RPLP2,RPS27,RPL14,RPS26,RPL23A,RPL10A,RPL39,RPS29,UBA52,RPL41,CLU,EIF1,QKI,ELAVL4,VIM,SOX4	
	4.3E-36	75	1259	5.91	GO:0034645 cellular macromolecule biosynthetic proc.	http://amigo.geneontology.org/amigo/term/GO:0034645	RPL31,RPS5,RPL6,RPLP0,ST8SIA5,EIF3E,RPL24,RPL22,RPL36,RPLP1,RPS2,RPL13A,EEF1A1,RPL8,RPL26,RPL29,RPL9,RPS14,RPL15,RPL35A,RPS23,RPL12,RPS4X,RPS20,RPL18,RPL3,RPS16,RPS19,RPL18A,RPL28,RPL19,RPL34,RPS13,RPS12,RPS15,RPL21,RPL5,RPL23,RPL27,RPS15A,RPL35,RPS6,RPS24,RPS11,RPL11,RPS8,RPS27A,RPL32,RPS3A,RPL37,RPL10,RPL7,RPS3,FAU,RPL30,RPL27A,RPL13,RPS21,RPS7,RPL4,RPLP2,RPS27,RPL14,RPS26,RPL23A,RPL10A,RPL39,RPS29,UBA52,RPL41,EIF1,QKI,ELAVL4,VIM,SOX4	
	4.3E-36	75	1301	5.91	GO:0043603 cellular amide metabolic proc.	http://amigo.geneontology.org/amigo/term/GO:0043603	RPL31,RPS5,RPL6,RPLP0,EIF3E,RPL24,RPL22,RPL36,RPLP1,RPS2,RPL13A,EEF1A1,RPL8,RPL26,RPL29,RPL9,RPS14,RPL15,RPL35A,RPS23,RPL12,RPS4X,RPS20,RPL18,RPL3,RPS16,RPS19,RPL18A,RPL28,RPL19,RPL34,RPS13,RPS12,RPS15,RPL21,RPL5,RPL23,RPL27,RPS15A,RPL35,RPS6,RPS24,RPS11,RPL11,RPS8,RPS27A,RPL32,RPS3A,RPL37,RPL10,RPL7,RPS3,FAU,RPL30,RPL27A,RPL13,RPS21,RPS7,RPL4,RPLP2,RPS27,RPL14,RPS26,RPL23A,RPL10A,RPL39,RPS29,UBA52,RPL41,CLU,EIF1,QKI,ELAVL4,VIM,SOX4	
	4.4E-12	29	509	5.87	GO:0022613 ribonucleoprotein complex biogenesis	http://amigo.geneontology.org/amigo/term/GO:0022613	CELF2,RPS5,RPL6,RPLP0,RPL3,RPS16,RPS19,RPS15,RPL5,RPL35,RPS8,RPL10,RPL7,RPL26,RPS14,RPS21,RPS7,RPS27,RPL35A,RPL14,RPL23A,RPL10A,EIF3E,RPL13A,RPL24,RPS6,RPL27,RPS24,RPL11	
	1.4E-27	79	1888	4.15	GO:1901566 organonitrogen compound biosynthetic proc.	http://amigo.geneontology.org/amigo/term/GO:1901566	RPL31,RPS5,RPL6,RPLP0,ST8SIA5,EIF3E,RPL24,RPL22,RPL36,PSAT1,RPLP1,RPS2,RPL13A,EEF1A1,RPL8,RPL26,RPL29,RPL9,RPS14,RPL15,RPL35A,RPS23,RPL12,RPS4X,RPS20,RPL18,RPL3,RPS16,RPS19,RPL18A,RPL28,RPL19,RPL34,RPS13,RPS12,RPS15,RPL21,RPL5,RPL23,RPL27,RPS15A,RPL35,RPS6,RPS24,RPS11,RPL11,RPS8,RPS27A,RPL32,RPS3A,RPL37,RPL10,RPL7,RPS3,FAU,RPL30,RPL27A,RPL13,RPS21,RPS7,RPL4,RPLP2,RPS27,RPL14,RPS26,RPL23A,RPL10A,RPL39,RPS29,UBA52,RPL41,ENO1,EIF1,TMSB4X,QKI,PID1,ELAVL4,VIM,SOX4	
								
BP:GO - Human-specific correlation genes  (n = 789)	4.4E-09	82	996	2.23	GO:0000278 mitotic cell cycle	http://amigo.geneontology.org/amigo/term/GO:0000278	ZNF207,NDC80,TPX2,CLSPN,RANBP1,MYBL2,E2F1,SMC3,NCAPG,CCND1,FBXO5,SMC4,CENPF,CCND2,ZWINT,TUBA1B,SMC2,CDK5RAP2,NUSAP1,KIF11,ANAPC11,CETN2,MKI67,HNRNPU,BUB1B,MAP9,TUBA1A,CDK1,CCNE2,CDC26,RPRM,AURKB,SKA2,CDCA2,MYBL1,TUBB4B,PRC1,CENPW,DPF1,ACTB,BIRC5,ID2,CENPJ,SPC24,PBRM1,ANAPC16,FHL1,UBE2S,STMN1,NEK6,CDKN2C,CDKN2D,MEIS2,CIB1,PAX6,EML1,SMC1A,CHMP4B,EZH2,PCNA,RNASEH2B,KIF20B,EPS8,CALM3,BCL2,ID4,PLCB1,ZFP36L1,FOXN3,KIF22,OBSL1,SDCBP,TRIM36,GJA1,FAM107A,CAMK2A,RDX,PRMT2,PBK,PIN1,DCTN3,PRKCB	
	1.4E-13	126	1522	2.16	GO:0048699 generation of neurons	http://amigo.geneontology.org/amigo/term/GO:0048699	EPHA3,NEDD4L,MAP4K4,ACTB,SEMA6A,MET,TMEM106B,DBN1,ARHGEF2,STMN1,BCL11A,EFNB2,ADGRB3,EPHA7,SRRM4,NTRK3,ZFHX3,EFNA3,BOC,TIAM2,LRRC4C,TENM4,PAK1,MAP1A,PBX3,SEMA3E,NEUROD2,INSM1,SOX11,SLITRK1,OLIG1,ROBO2,MYO6,STMN3,DMD,EFNA4,NLGN1,MT3,SYT17,RAB29,ITM2C,SPOCK1,FUT9,PTPRM,CIB1,CPNE1,ARX,PAX6,VCL,PREX2,ASPM,EML1,SDK2,MAP3K13,CELSR1,TOP2B,SLC1A3,PHGDH,DOK5,COBL,EZH2,GLI3,CDH23,CCND1,NR2E1,CSPG5,EFHD1,NFE2L2,PRRX1,KLF7,CNR1,OLFM3,SOCS2,OBSL1,ATP1B2,CHL1,CRB1,HEY2,EDNRB,CDK5RAP2,KIF20B,LEF1,PTPRF,PTPRG,CRB2,FEZ1,IER2,VCAM1,PEX13,TTC8,HPRT1,AXL,ATCAY,UBB,S1PR1,BCL2,ID4,NR2F1,JUN,ERBB4,RGMA,NR2F2,FAT4,PPIA,HDAC2,ZNF536,ZNF521,TCTN1,ADGRG1,CAMK2A,RAB13,CFL1,NDRG4,SNX3,ID2,CHD5,PIN1,IQSEC1,SH3RF1,FZD7,DDIT4,HMGB1,DNER,NRXN3,PPT1,FEZ2	
	6.3E-12	117	1449	2.10	GO:0030182 neuron differentiation	http://amigo.geneontology.org/amigo/term/GO:0030182	EPHA3,NEDD4L,MAP4K4,ACTB,SEMA6A,MET,TMEM106B,DBN1,ARHGEF2,STMN1,BCL11A,EFNB2,ADGRB3,EPHA7,SRRM4,NTRK3,ZFHX3,EFNA3,BOC,TIAM2,LRRC4C,TENM4,PAK1,MAP1A,PBX3,SEMA3E,NEUROD2,INSM1,SOX11,SLITRK1,OLIG1,ROBO2,MYO6,STMN3,DMD,EFNA4,NLGN1,MT3,SYT17,RAB29,ITM2C,SPOCK1,FUT9,PTPRM,CIB1,CPNE1,ARX,PAX6,VCL,PREX2,ASPM,SDK2,MAP3K13,TOP2B,SLC1A3,PHGDH,DOK5,COBL,EZH2,GLI3,CDH23,CCND1,NR2E1,CSPG5,EFHD1,NFE2L2,PRRX1,KLF7,CNR1,OLFM3,SOCS2,OBSL1,ATP1B2,CHL1,CRB1,HEY2,EDNRB,CDK5RAP2,KIF20B,PTPRF,PTPRG,CRB2,FEZ1,IER2,VCAM1,TTC8,HPRT1,ATCAY,UBB,S1PR1,BCL2,ID4,NR2F1,JUN,ERBB4,RGMA,FAT4,PPIA,HDAC2,ZNF536,ZNF521,TCTN1,CAMK2A,RAB13,CFL1,NDRG4,SNX3,ID2,CHD5,PIN1,IQSEC1,FZD7,DDIT4,HMGB1,NRXN3,PPT1,FEZ2	
	1.4E-13	139	1757	2.07	GO:0022008 neurogenesis	http://amigo.geneontology.org/amigo/term/GO:0022008	EPHA3,NEDD4L,MAP4K4,ACTB,SEMA6A,MET,TMEM106B,DBN1,ARHGEF2,STMN1,BCL11A,EFNB2,ADGRB3,EPHA7,HEY2,SRRM4,NTRK3,ZFHX3,EFNA3,BOC,TIAM2,LRRC4C,TENM4,PAK1,MAP1A,PBX3,SEMA3E,NEUROD2,INSM1,SOX11,SLITRK1,OLIG1,ROBO2,MYO6,STMN3,DMD,EFNA4,LEF1,NLGN1,VCAN,MT3,SYT17,RAB29,ITM2C,SPOCK1,FUT9,PTPRM,CIB1,CPNE1,ARX,PAX6,VCL,PREX2,ERBB3,ASPM,EML1,SDK2,MAP3K13,CELSR1,TOP2B,SLC1A3,PHGDH,DOK5,E2F1,COBL,EZH2,GLI3,RHEB,CDH23,CCND1,NR2E1,CSPG5,EFHD1,NFE2L2,PRRX1,KLF7,CNR1,OLFM3,SOCS2,CDKN2C,OBSL1,ATP1B2,WASF3,RRAS2,CHL1,CRB1,EDNRB,CDK5RAP2,KIF20B,PTPRF,PTPRG,CRB2,FEZ1,IER2,PLPP3,VCAM1,NCSTN,PEX13,HMGB2,TTC8,HPRT1,AXL,ATCAY,UBB,S1PR1,BCL2,ID4,NR2F1,JUN,ERBB4,PLAG1,RGMA,NR2F2,DNER,FAT4,PPIA,HDAC2,ZNF536,ZNF521,TCTN1,ADGRG1,CAMK2A,RAB13,CFL1,GPC1,NDRG4,SNX3,ID2,CHD5,PIN1,IQSEC1,SH3RF1,FZD7,DDIT4,HMGB1,NRXN3,PPT1,CDK1,FEZ2	
	2.7E-07	80	1001	2.04	GO:0031175 neuron projection development	http://amigo.geneontology.org/amigo/term/GO:0031175	EPHA3,NEDD4L,MAP4K4,ACTB,SEMA6A,TMEM106B,DBN1,STMN1,BCL11A,EFNB2,EPHA7,NTRK3,EFNA3,BOC,TIAM2,LRRC4C,PAK1,MAP1A,SEMA3E,SLITRK1,ROBO2,STMN3,EFNA4,NLGN1,MT3,SYT17,RAB29,ITM2C,SPOCK1,PTPRM,CIB1,CPNE1,ARX,PAX6,VCL,PREX2,MAP3K13,TOP2B,PHGDH,COBL,EZH2,GLI3,CDH23,NR2E1,CSPG5,EFHD1,NFE2L2,PRRX1,KLF7,CNR1,OBSL1,ATP1B2,CHL1,ADGRB3,KIF20B,PTPRF,PTPRG,FEZ1,TTC8,HPRT1,ATCAY,BCL2,NR2F1,JUN,RGMA,FAT4,HDAC2,DMD,TCTN1,CAMK2A,RAB13,UBB,FUT9,CFL1,NDRG4,SNX3,IQSEC1,HMGB1,NRXN3,FEZ2	
	1.6E-08	93	1269	2.04	GO:0033043 reg. of organelle organization	http://amigo.geneontology.org/amigo/term/GO:0033043	ZNF207,TMSB10,LIMCH1,CAPZB,COTL1,FBXO5,DBN1,STMN1,WASF3,CDK5RAP2,RDX,ANAPC11,IQGAP2,MKI67,PAK1,HNRNPU,BUB1B,RHPN1,MAP1A,FAM107A,SLC25A6,MTSS1,CDCA2,GAS2L1,BICD2,EVL,SVIL,STMN3,DPF1,ACTB,NDC80,BIRC5,CENPJ,SPC24,PBRM1,INTU,AURKB,EPHA3,TPX2,MET,NCAPG,RAD51AP1,SMC4,NEK6,ZWINT,HRK,HNRNPA1,SMC2,NUSAP1,NTRK3,PFDN2,SNCA,PDE4DIP,SKA2,CIB1,ARL2,CELSR1,CHMP4B,BNIP3L,TMEM106B,NEDD9,SFPQ,KIF20B,PAM,EPS8,ARPC5,TTC8,SEMA3E,S1PR1,CDC26,PLCB1,AFAP1,TMEM14A,FBXW7,ARHGEF2,RAB3GAP2,TCP1,OBSL1,TOP2A,SDCBP,DYNC2LI1,FEZ1,TRIM36,MAP9,STOML2,FEZ2,NPM1,ACTG1,TMED9,GPX1,HNRNPA2B1,CENPF,PIN1	
	3.1E-08	91	1169	2.03	GO:0048666 neuron development	http://amigo.geneontology.org/amigo/term/GO:0048666	EPHA3,NEDD4L,MAP4K4,ACTB,SEMA6A,TMEM106B,DBN1,STMN1,BCL11A,EFNB2,ADGRB3,EPHA7,SRRM4,NTRK3,EFNA3,BOC,TIAM2,LRRC4C,TENM4,PAK1,MAP1A,PBX3,SEMA3E,SLITRK1,ROBO2,STMN3,DMD,EFNA4,NLGN1,MT3,SYT17,RAB29,ITM2C,SPOCK1,PTPRM,CIB1,CPNE1,ARX,PAX6,VCL,PREX2,MAP3K13,TOP2B,SLC1A3,PHGDH,COBL,EZH2,GLI3,CDH23,NR2E1,CSPG5,EFHD1,NFE2L2,PRRX1,KLF7,CNR1,OLFM3,OBSL1,ATP1B2,CHL1,CRB1,EDNRB,KIF20B,PTPRF,PTPRG,CRB2,FEZ1,TTC8,HPRT1,ATCAY,UBB,NEUROD2,BCL2,INSM1,NR2F1,JUN,RGMA,FAT4,HDAC2,TCTN1,CAMK2A,RAB13,FUT9,CFL1,NDRG4,SNX3,IQSEC1,HMGB1,NRXN3,PPT1,FEZ2	
	3.6E-08	94	1321	1.99	GO:0022402 cell cycle proc.	http://amigo.geneontology.org/amigo/term/GO:0022402	ZNF207,SMC1A,TOP2B,NDC80,TPX2,CLSPN,RANBP1,E2F1,CEP152,SMC3,NCAPG,CCND1,FBXO5,SMC4,CENPF,CCND2,ZWINT,TOP2A,SMC2,CDK5RAP2,DCTN3,NUSAP1,KIF11,ANAPC11,CETN2,MKI67,CENPJ,HNRNPU,BUB1B,MAP9,CDK1,ESCO2,INSM1,CCNE2,AURKB,NPM1,CDCA2,PRC1,DPF1,ACTB,BIRC5,ID2,SPC24,PBRM1,DDRGK1,FHL1,UBE2S,RAD51AP1,STMN1,NEK6,CDKN2C,CDKN2D,LEF1,ZNF503,PAX6,ASPM,EML1,PHGDH,MYBL2,CHMP4B,EZH2,SFPQ,PCNA,RNASEH2B,SLC2A8,KIF20B,EPS8,CALM3,ING2,UBB,BCL2,ID4,CDC26,PLCB1,ZFP36L1,DACH1,FOXN3,PIN1,KIF22,FBXW7,OBSL1,TRIM36,GJA1,FAM107A,PDE4DIP,ARL2,MLF1,CAMK2A,RDX,PRMT2,CFL1,MYBL1,SVIL,PRKCB	
	1.3E-08	125	1937	1.81	GO:0007049 cell cycle	http://amigo.geneontology.org/amigo/term/GO:0007049	ZNF207,SMC1A,TOP2B,NDC80,TPX2,BIRC5,CLSPN,RANBP1,MYBL2,E2F1,CEP152,SMC3,NCAPG,CCND1,FBXO5,SMC4,CENPF,CCND2,ZWINT,CDKN2C,TUBA1B,CDKN2D,GADD45G,TOP2A,SMC2,CDK5RAP2,DCTN3,NUSAP1,KIF11,ANAPC11,CETN2,MKI67,CENPJ,HNRNPU,BUB1B,MAP9,TUBA1A,CDK1,ESCO2,INSM1,CCNE2,CDC26,RPRM,JUN,AURKB,NPM1,SKA2,CDCA2,MYBL1,TUBB4B,PRC1,CENPW,DPF1,ACTB,ID2,SPC24,PBRM1,ANAPC16,DDRGK1,FHL1,UBE2S,RAD51AP1,STMN1,NEK6,MEIS2,ETS1,LEF1,ZNF503,CIB1,NR2F2,PAX6,FOXN3,ASPM,EML1,PHGDH,CHMP4B,EZH2,NEDD9,NR2E1,TFDP2,GNAI2,PARD3B,SFPQ,ARHGEF2,HJURP,PIN1,KLK10,MIS18BP1,PCNA,RNASEH2B,SLC2A8,KIF20B,ZFHX3,EPS8,TRIM36,CALM3,CITED2,FAM107A,ING2,UBB,BCL2,ID4,MLF1,PLCB1,ZFP36L1,DMD,ARL2,TXNIP,DACH1,KIF22,FBXW7,OBSL1,SDCBP,GJA1,PDE4DIP,CAMK2A,RDX,PRMT2,CFL1,SVIL,PBK,RHEB,MAP2K6,PLAGL1,PRKCB	
	4.1E-13	179	2618	1.81	GO:0007399 nervous system development	http://amigo.geneontology.org/amigo/term/GO:0007399	ACTB,GLUD1,CALM3,ARX,DPF1,VCAN,ZIC2,EPHA3,NEDD4L,NNAT,ERBB3,SDK2,MAP4K4,IGF2BP2,PAFAH1B3,SEMA6A,NDRG4,MET,TMEM106B,DBN1,ARHGEF2,STMN1,BCL11A,OBSL1,EFNB2,PPT1,BCAN,MEIS2,ADGRB3,EPHA7,HEY2,SRRM4,NTRK3,ZFHX3,EFNA3,BOC,TIAM2,LRRC4C,TENM4,PAK1,INTU,MAP1A,PBX3,AXL,NLGN1,SEMA3E,NEUROD2,INSM1,SOX11,SLITRK1,OLIG1,ROBO2,MYO6,STMN3,DMD,TMX2,EFNA4,LEF1,MT3,SYT17,RAB29,ITM2C,SPOCK1,FUT9,PTPRM,CIB1,CPNE1,ARHGAP11B,PAX6,NRXN3,VCL,PREX2,ASPM,EML1,MAP3K13,CELSR1,TOP2B,SLC1A3,PHGDH,DOK5,E2F1,SLC32A1,ZNF423,COBL,EZH2,GLI3,RHEB,CDH23,CCND1,NR2E1,IFT57,CSPG5,EFHD1,OTX1,NFE2L2,PRRX1,CHD5,SLC2A1,KLF7,CNR1,OLFM3,SOCS2,CDKN2C,ATP1B2,WASF3,RRAS2,CHL1,CRB1,EDNRB,TRA2B,CDK5RAP2,ANP32B,SDCBP,TTLL7,KIF20B,ATIC,PTPRF,PTPRG,LRIG1,PAM,CRB2,FEZ1,IER2,PLPP3,VCAM1,ARPC5,NCSTN,PEX13,HMGB2,SERINC5,CITED2,TTC8,HPRT1,SALL2,ATCAY,UBB,S1PR1,BCL2,ID4,NR2F1,JUN,ERBB4,PLAG1,RGMA,ATP6AP2,PLCB1,NR2F2,ZFP36L1,DNER,HES4,FAT4,PPIA,ELAVL3,SRGAP2B,HDAC2,ZNF536,ZNF521,TCTN1,ADGRG1,SNCA,CAMK2A,CENPF,RAB13,PRPS1,CFL1,GPC1,SNX3,ID2,PIN1,IQSEC1,SH3RF1,FZD7,DDIT4,HMGB1,EVL,NDP,FABP7,CDK1,FEZ2	
	6.6E-11	162	2509	1.77	GO:0051128 reg. of cellular component organization	http://amigo.geneontology.org/amigo/term/GO:0051128	ZNF207,TMSB10,NEDD4L,LIMCH1,CAPZB,SEMA6A,COTL1,FBXO5,DBN1,STMN1,BCL11A,WASF3,CDK5RAP2,RDX,NTRK3,ANAPC11,IQGAP2,TIAM2,MKI67,LRRC4C,PAK1,EPS8,HNRNPU,BUB1B,RHPN1,LRPAP1,MAP1A,FAM107A,SLC25A6,SEMA3E,MTSS1,SLITRK1,NPM1,CDCA2,GAS2L1,BICD2,EVL,SVIL,STMN3,SVIP,DPF1,VCL,ACTB,NDC80,BIRC5,CST3,CENPJ,SPC24,PBRM1,INTU,NLGN1,AURKB,FHL1,EPHA3,MT3,TPX2,SYT17,MET,NCAPG,RAD51AP1,SMC4,RAB29,NEK6,ZWINT,CDKN2C,PFDN5,HJURP,EFNB2,CDKN2D,HRK,HNRNPA1,ITM2C,SMC2,NUSAP1,PFDN2,SNCA,SPOCK1,PROM2,FRZB,BCL2,INSM1,PDE4DIP,SKA2,ROBO2,CIB1,HMGB1,ARL2,SH3YL1,MAP3K13,CELSR1,CHMP4B,BNIP3L,COBL,TMEM106B,EZH2,CORO1C,NEDD9,NR2E1,IGFBP5,NFE2L2,PRRX1,SFPQ,CNR1,SOCS2,OBSL1,ATP1B2,ADGRB3,EPHA7,SDCBP,KIF20B,PTPRF,PTPRG,PAM,FEZ1,CALM3,ARPC5,ITGA2,TTC8,TUBA1A,STXBP6,S1PR1,HOPX,NEUROD2,NR2F1,CDC26,RGMA,PLCB1,AFAP1,HDAC2,DMD,WDR54,TMEM14A,FBXW7,ARHGEF2,RAB3GAP2,TCP1,PPT1,TOP2A,CD63,DYNC2LI1,MYO10,LAMTOR1,TRIM36,MAP9,STOML2,AXL,FEZ2,FUT9,CFL1,ACTG1,TMED9,GPX1,MAP4K4,NDRG4,SNX3,DNPH1,HNRNPA2B1,IQSEC1,GJA1,TMEM97,CENPF,PIN1	
	3.1E-07	135	2254	1.67	GO:0006928 movement of cell or subcellular component	http://amigo.geneontology.org/amigo/term/GO:0006928	CD99,TMSB10,EPHA3,GPC1,CFAP20,ACTB,DYNC1I2,KIF22,SEMA6A,MET,ATRNL1,CORO1C,NEDD9,IFT57,EFNB2,MTUS1,EPHA7,DYNC2LI1,KIF20B,EFNA3,BOC,DYNC1I1,ARPC5,AXL,SEMA3E,SCG2,CFL1,ROBO2,DNAH14,BICD2,SRGAP3,SRGAP2B,MYO6,SRGAP1,ANXA6,EFNA4,INTU,ING2,HDAC2,VCAN,NDRG4,SPARC,IGFBP5,PIN1,LEF1,NTRK3,PAK1,VCAM1,HMGB2,UBB,PTPRM,ERBB4,PRKX,HMGB1,PPIA,TCAF1,ADGRG1,DACH1,ARX,PAX6,VCL,ASPM,CELSR1,TOP2B,DNAJA1,GLI3,FBXW7,NR2E1,GNAI2,NFE2L2,SFPQ,KLF7,ATP1B2,RRAS2,CHL1,EDNRB,SDCBP,KIF11,RAB13,SPAG16,MEGF10,CRB2,FEZ1,ARID5B,ENKUR,EPS8,HNRNPU,PEX13,ITGA2,TTC8,S1PR1,BCL2,RASGRP1,CYP7B1,INSM1,JUN,PLCB1,CIB1,NR2F2,GPX1,LIMCH1,CAMK2A,MAP4K4,CPNE3,TIMP1,FBXO5,STRIP2,ETS1,CD63,RDX,PTPRF,PTPRG,GJA1,PTPRR,IER2,PLPP3,CITED2,FAM107A,FUT9,ACTG1,EVL,DDRGK1,NEDD4L,ARHGEF2,IQSEC1,SPOCK1,SH3RF1,ADAMTS9,MAP1A,DDIT4,DNER,NRXN3,MYL6,CDK1,FEZ2	
	6.3E-12	260	4617	1.53	GO:0048731 system development	http://amigo.geneontology.org/amigo/term/GO:0048731	ACTB,GLUD1,CALM3,ARX,DPF1,VCAN,ZIC2,EPHA3,NEDD4L,NNAT,ERBB3,SDK2,MAP4K4,IGF2BP2,MYDGF,PAFAH1B3,PIR,SEMA6A,NDRG4,MET,TMEM106B,DBN1,ARHGEF2,STMN1,BCL11A,OBSL1,EFNB2,PPT1,PDLIM4,BCAN,MEIS2,ADGRB3,EPHA7,HEY2,SRRM4,NTRK3,ZFHX3,EFNA3,BOC,TIAM2,LRRC4C,TENM4,PAK1,PDLIM3,INTU,MAP1A,PBX3,AXL,NLGN1,SEMA3E,S1PR1,NEUROD2,SCG2,INSM1,SOX11,SLITRK1,RTKN2,OLIG1,ROBO2,MYO6,ANXA6,STMN3,DMD,TMX2,EFNA4,LEF1,VCAM1,PBRM1,MT3,SYT17,SPARC,NCL,RAB29,COL4A2,ETS1,ITM2C,HSPD1,PDCD4,SPOCK1,SALL2,FUT9,PTPRM,PRKX,CIB1,ZFP36L1,HMGB1,ADGRG1,CPNE1,ARHGAP11B,PAX6,NRXN3,HMGB3,VCL,PREX2,RCN1,PLEKHA5,FOXN3,ASPM,EML1,MAP3K13,CELSR1,TOP2B,SLC1A3,SNX10,PHGDH,MFNG,DOK5,E2F1,SLC32A1,TIMP1,ZNF423,TMEM59L,COBL,NUDT1,EZH2,GLI3,RHEB,CDH23,LIPA,MAP2K6,FBXW7,CCND1,LTA4H,NEDD9,NR2E1,MDFI,RBP1,TFDP2,BBX,IFT57,CSPG5,IGFBP5,EFHD1,OTX1,NFE2L2,PRRX1,CHD5,SLC2A1,KLF7,CNR1,OLFM3,SOCS2,CDKN2C,PFDN5,NDP,GLO1,LRRC17,ATP1B2,PRR7,TOP2A,PCNA,WASF3,RRAS2,CHL1,CRB1,EDNRB,TRA2B,CDK5RAP2,ANP32B,SDCBP,TTLL7,KIF20B,ATIC,IDH1,FKBP10,PTPRF,PTPRG,LRIG1,PAM,CRB2,SERPINH1,FEZ1,ARID5B,GJA1,HNRNPU,DDAH1,FZD7,IER2,PLPP3,USP1,ARPC5,NCSTN,PEX13,FRZB,HMGB2,ITGA2,SERINC5,CITED2,TTC8,HPRT1,HTRA1,PRKCB,VKORC1,ATCAY,EEF2,ING2,CDK1,UBB,ESCO2,HOPX,BCL2,ID4,RASGRP1,RPL38,CYP7B1,GNG5,NR2F1,DMRTA1,TYMS,JUN,ERBB4,MAGED1,PLAG1,RGMA,LDOC1,ATP6AP2,PLCB1,NR2F2,DNER,HES4,FAT4,PPIA,ELAVL3,SRGAP2B,HDAC2,DDRGK1,ZNF536,ZNF521,TCTN1,GPX1,TFAP2C,SAT1,SNCA,PKM,CAMK2A,PLS3,CPE,CENPF,RAB13,PRPS1,CFL1,ACTG1,GPC1,FGFR3,SNX3,ID2,PIN1,CTSL,IQSEC1,SH3RF1,ADAMTS9,DDIT4,MTSS1,MLF1,GALNT11,NACA,CD164,EVL,FABP7,FEZ2	
	1.3E-08	234	4552	1.47	GO:0030154 cell differentiation	http://amigo.geneontology.org/amigo/term/GO:0030154	VCAN,RRAS2,HNRNPU,TPM4,RDH14,PLEKHB1,EPHA3,NEDD4L,MAP4K4,ACTB,PIR,SEMA6A,MET,TMEM106B,ATRNL1,CORO1C,NR2E1,DBN1,ID2,ARHGEF2,STMN1,BCL11A,EFNB2,ETS1,ADGRB3,EPHA7,HEY2,SRRM4,NTRK3,ZFHX3,EFNA3,BOC,TIAM2,LRRC4C,TENM4,PAK1,MAP1A,PBX3,AXL,SEMA3E,NEUROD2,ID4,INSM1,NR2F1,DMRTA1,SOX11,SLITRK1,OLIG1,ROBO2,NR2F2,MYO6,ANXA6,STMN3,DMD,EFNA4,DPF1,LEF1,VCAM1,PBRM1,NLGN1,HDAC2,VCL,MT3,SYT17,PLD3,EZH2,RAB29,ITM2C,ANP32B,PDCD4,SPOCK1,TAGLN2,FRZB,BDH2,ZNF503,HOPX,FUT9,PTPRM,PRKX,CIB1,ZFP36L1,HMGB1,CPNE1,TXNIP,ARX,PAX6,FHL1,HMGB3,ZIC2,PREX2,GPC1,ERBB3,YBX1,ASPM,EML1,SDK2,TRIB2,MAP3K13,CELSR1,TOP2B,SLC1A3,SNX10,PHGDH,MFNG,PNPLA3,DOK5,E2F1,ZNF423,CEP152,COBL,GLI3,RHEB,CDH23,MAP2K6,FBXW7,CCND1,LTA4H,NEDD9,FBXO5,MDFI,RBP1,CSPG5,IGFBP5,EFHD1,NFE2L2,PRRX1,CHD5,CENPF,KLF7,CNR1,OLFM3,SOCS2,CDKN2C,OBSL1,RNF114,GLO1,PPDPF,LRRC17,ATP1B2,GDPD2,GADD45G,PRR7,TOP2A,WASF3,CHL1,MEIS2,CRB1,CD63,EDNRB,CDK5RAP2,TTLL7,KIF20B,PTPRF,SPAG16,PTPRG,MEGF10,CRB2,SERPINH1,FEZ1,ARID5B,FZD7,IER2,PLPP3,NCSTN,PEX13,ADAMTS9,INTU,HMGB2,ITGA2,CITED2,FOXK1,TTC8,HPRT1,HTRA1,ATCAY,EEF2,ING2,CDK1,UBB,VSTM2A,S1PR1,ESCO2,BCL2,RASGRP1,CTBP2,TYMS,JUN,MLF1,ERBB4,PLAG1,RGMA,PLCB1,ACTG1,MYBL1,DNER,HES4,FAT4,PPIA,ELAVL3,ZNF536,ZNF521,TCTN1,ADGRG1,GPX1,PEG10,ALDOC,DNPH1,PCNA,COL4A2,RDX,CAMK2A,DDX17,ASAH1,DDX5,SDCBP,RAB13,GJA1,CFL1,P4HB,NDRG4,SNX3,PIN1,CTSL,IQSEC1,SH3RF1,PRMT2,DDIT4,MTSS1,NACA,HNRNPAB,NRXN3,FGFR3,PPT1,FEZ2	
	4.4E-07	200	3774	1.47	GO:0048513 animal organ development	http://amigo.geneontology.org/amigo/term/GO:0048513	ACTB,GLUD1,CALM3,NNAT,SDK2,PAFAH1B3,PIR,SEMA6A,NDRG4,MET,ATRNL1,CORO1C,OBSL1,PDLIM4,MEIS2,ZFHX3,ASXL3,PDLIM3,PBX3,AXL,SEMA3E,RTKN2,ROBO2,MYO6,ANXA6,DMD,TMX2,HEY2,VCAM1,PBRM1,EZH2,ETS1,LEF1,SALL2,PRKX,ZFP36L1,HMGB1,TXNIP,ARHGAP11B,ARX,PAX6,FHL1,HMGB3,RCN1,FOXN3,GPC1,ERBB3,ASPM,EML1,CELSR1,TOP2B,SNX10,MT3,PHGDH,MFNG,E2F1,SLC32A1,TIMP1,ZNF423,TMEM59L,COBL,NUDT1,GLI3,CDH23,LIPA,MAP2K6,FBXW7,CCND1,LTA4H,NEDD9,NR2E1,MDFI,RBP1,TFDP2,BBX,IFT57,IGFBP5,OTX1,NFE2L2,PRRX1,SLC2A1,CENPF,OLFM3,SOCS2,PFDN5,NDP,GLO1,EFNB2,TNFRSF19,LRRC17,ATP1B2,CDO1,PRR7,TOP2A,PCNA,BCAN,CRB1,EPHA7,CD164,EDNRB,TRA2B,CDK5RAP2,ANP32B,ATIC,IDH1,NTRK3,PTPRG,LRIG1,PAM,MEGF10,CRB2,TENM4,SERPINH1,FEZ1,ARID5B,PDCD4,GJA1,HNRNPU,FZD7,ARPC5,NCSTN,PEX13,FRZB,INTU,HMGB2,ITGA2,CITED2,FOXK1,TTC8,HPRT1,HTRA1,VKORC1,EEF2,ING2,CDK1,UBB,S1PR1,ESCO2,HOPX,NEUROD2,BCL2,ID4,RASGRP1,RPL38,CYP7B1,INSM1,GNG5,DMRTA1,SOX11,TYMS,JUN,ERBB4,MAGED1,PLAG1,LDOC1,PLCB1,CIB1,NR2F2,DNER,FAT4,HDAC2,DDRGK1,TCTN1,ADGRG1,GPX1,TFAP2C,DDX17,PLS3,ASAH1,RHEB,DDX5,CPE,FBXO5,STMN1,KLF7,PPT1,SDCBP,PGRMC2,PTPRM,SVIL,EPHA3,FGFR3,MYO3A,ID2,CHD5,CTSL,RAB13,SH3RF1,ADAMTS9,DDIT4,MTSS1,MLF1,GALNT11,NACA,HNRNPAB,EVL,ZIC2,MYL6,COL6A3,TLE1	
	1.9E-08	234	4576	1.46	GO:0048869 cellular developmental proc.	http://amigo.geneontology.org/amigo/term/GO:0048869	VCAN,RRAS2,HNRNPU,TPM4,RDH14,PLEKHB1,EPHA3,NEDD4L,MAP4K4,ACTB,PIR,SEMA6A,MET,TMEM106B,ATRNL1,CORO1C,NR2E1,DBN1,CSPG5,ID2,ARHGEF2,STMN1,BCL11A,EFNB2,ETS1,ADGRB3,EPHA7,HEY2,SRRM4,NTRK3,ZFHX3,EFNA3,BOC,TIAM2,LRRC4C,TENM4,PAK1,MAP1A,PBX3,AXL,SEMA3E,NEUROD2,ID4,INSM1,NR2F1,DMRTA1,SOX11,SLITRK1,OLIG1,ROBO2,NR2F2,MYO6,ANXA6,STMN3,DMD,EFNA4,DPF1,LEF1,VCAM1,PBRM1,NLGN1,HDAC2,VCL,MT3,SYT17,PLD3,EZH2,RAB29,ITM2C,ANP32B,PDCD4,SPOCK1,TAGLN2,FRZB,BDH2,ZNF503,HOPX,FUT9,PTPRM,PRKX,CIB1,ZFP36L1,HMGB1,CPNE1,TXNIP,ARX,PAX6,FHL1,HMGB3,ZIC2,PREX2,GPC1,ERBB3,YBX1,ASPM,EML1,SDK2,TRIB2,MAP3K13,CELSR1,TOP2B,SLC1A3,SNX10,PHGDH,MFNG,PNPLA3,DOK5,E2F1,ZNF423,CEP152,COBL,GLI3,RHEB,CDH23,MAP2K6,FBXW7,CCND1,LTA4H,NEDD9,FBXO5,MDFI,RBP1,IGFBP5,EFHD1,NFE2L2,PRRX1,CHD5,CENPF,KLF7,CNR1,OLFM3,SOCS2,CDKN2C,OBSL1,RNF114,GLO1,PPDPF,LRRC17,ATP1B2,GDPD2,GADD45G,PRR7,TOP2A,WASF3,CHL1,MEIS2,CRB1,CD63,EDNRB,CDK5RAP2,TTLL7,KIF20B,PTPRF,SPAG16,PTPRG,MEGF10,CRB2,SERPINH1,FEZ1,ARID5B,FZD7,IER2,PLPP3,NCSTN,PEX13,ADAMTS9,INTU,HMGB2,ITGA2,CITED2,FOXK1,TTC8,HPRT1,HTRA1,ATCAY,EEF2,ING2,CDK1,UBB,VSTM2A,S1PR1,ESCO2,BCL2,RASGRP1,CTBP2,TYMS,JUN,MLF1,ERBB4,PLAG1,RGMA,PLCB1,ACTG1,MYBL1,DNER,HES4,FAT4,PPIA,ELAVL3,ZNF536,ZNF521,TCTN1,ADGRG1,GPX1,PEG10,ALDOC,DNPH1,PCNA,COL4A2,RDX,CAMK2A,DDX17,ASAH1,DDX5,SDCBP,RAB13,GJA1,CFL1,P4HB,NDRG4,SNX3,PIN1,CTSL,IQSEC1,SH3RF1,PRMT2,DDIT4,MTSS1,NACA,HNRNPAB,NRXN3,FGFR3,PPT1,FEZ2	
	4.9E-07	214	4206	1.44	GO:0006996 organelle organization	http://amigo.geneontology.org/amigo/term/GO:0006996	ACTB,HDAC2,TRAPPC6A,ZNF207,TMSB10,LIMCH1,EML1,CFAP20,SMC1A,TOP2B,CAPZB,NDC80,TPX2,RANBP1,CHMP4B,PLS3,COTL1,CEP152,BNIP3L,BET1,COBL,CHCHD2,TMEM106B,SMC3,NCAPG,CORO1C,NEDD9,FBXO5,COX7A2,DBN1,SMC4,IFT57,PARD3B,CHD5,ARHGEF2,RAB29,STMN1,CBX3,ZWINT,TUBA1B,HJURP,STRIP2,PDLIM4,TOP2A,WASF3,SMC2,CDK5RAP2,RDX,NUSAP1,TTLL7,DYNC2LI1,KIF11,COX17,ANAPC11,ANP32E,GOLPH3L,RAB13,HSPD1,SPAG16,IQSEC1,IQGAP2,CETN2,MKI67,PAK1,CENPJ,HNRNPU,PDLIM3,BUB1B,RHPN1,ARPC5,PEX13,INTU,MAP9,CAMLG,TTC8,MAP1A,TPM4,TUBA1A,FAM107A,SLC25A6,LSM3,MTSS1,ESCO2,CFL1,NCKAP5,AURKB,NPM1,CDCA2,TMED9,GAS2L1,BICD2,TUBB4B,EVL,MYO6,SVIL,STMN3,HMGN2,PRC1,DMD,CENPW,TCTN1,C12orf73,RPS28,DPF1,BIRC5,DEK,TIMM10B,VPS37B,SPC24,PBRM1,ATP6AP2,EPHA3,PLIN3,MET,EZH2,UBE2S,RAD51AP1,NEK6,HAT1,ETS1,HRK,HNRNPA1,ANP32B,NTRK3,PFDN2,SNCA,STXBP6,NLGN1,PDE4DIP,SKA2,CIB1,DDRGK1,ARL2,GPX1,ARHGAP11B,PAX6,LETMD1,ASPM,CELSR1,MYBL2,ZNF423,CSPG5,SFPQ,CTSD,SET,ARL1,OBSL1,GDPD2,PPT1,PCNA,SLC2A8,SDCBP,KIF20B,PAM,LAMTOR1,FEZ1,EPS8,ATAD2,CALM3,HMGB2,STOML2,PRKCB,ING2,CDK1,UBB,SEMA3E,S1PR1,BCL2,TLN2,RPL38,CCNE2,CDC26,ZNF518A,NPLOC4,PLCB1,ACTG1,AFAP1,HMGB1,GGCT,KIF22,SNX10,TFAP2C,TMEM14A,PNPLA3,SQLE,FBXW7,SNX3,LMNB1,RAB3GAP2,TCP1,NDUFB11,TRIM36,GJA1,NDUFB8,FEZ2,ERBB4,PPIA,MT-ND2,MT-ND5,HMGB3,CAMK2A,MT3,CIRBP,HNRNPA2B1,ATCAY,GALNT11,MYBL1,SEMA6A,CENPF,TCF7L1,NDP,PIN1,ALDOA,HIRIP3	
								
BP:GO - Chimpanzee-specific correlation genes  (n = 268)	3.6E-10	30	452	5.13	GO:0007409 axonogenesis	http://amigo.geneontology.org/amigo/term/GO:0007409	EFNB1,METRN,APLP1,MAP1B,PTPRO,DRAXIN,MAP6,GAP43,RTN4,MACF1,L1CAM,HSP90AA1,NIN,FZD3,TNR,FLRT3,CDH11,GFRA3,NR4A2,ADCY1,GDNF,DAB1,CNP,POU3F2,FLRT2,MAP2,NTRK2,NCAM1,ANK3,S100B	
	1.0E-09	30	501	4.62	GO:0061564 axon development	http://amigo.geneontology.org/amigo/term/GO:0061564	EFNB1,METRN,APLP1,MAP1B,PTPRO,DRAXIN,MAP6,GAP43,RTN4,MACF1,L1CAM,HSP90AA1,NIN,FZD3,TNR,FLRT3,CDH11,GFRA3,NR4A2,ADCY1,GDNF,DAB1,CNP,POU3F2,FLRT2,MAP2,NTRK2,NCAM1,ANK3,S100B	
	1.3E-09	32	585	4.27	GO:0048667 cell morphogenesis involved in neuron differentiation	http://amigo.geneontology.org/amigo/term/GO:0048667	EFNB1,METRN,APLP1,MAP1B,PTPRO,DRAXIN,SDC2,MAP6,GAP43,RTN4,MACF1,L1CAM,HSP90AA1,NIN,FZD3,TNR,FLRT3,KIDINS220,CDH11,GFRA3,NR4A2,ADCY1,GDNF,DAB1,CNP,POU3F2,FLRT2,MAP2,NTRK2,NCAM1,ANK3,S100B	
	5.1E-10	35	647	4.21	GO:0048812 neuron projection morphogenesis	http://amigo.geneontology.org/amigo/term/GO:0048812	EFNB1,METRN,APLP1,MAP1B,PTPRO,DRAXIN,SDC2,MAP6,GAP43,RTN4,MACF1,SYT4,L1CAM,HSP90AA1,NIN,FZD3,TNR,FLRT3,KIDINS220,CDH11,GFRA3,GPM6A,NR4A2,ADCY1,GDNF,DAB1,CNP,POU3F2,FLRT2,ITGA1,MAP2,NTRK2,NCAM1,ANK3,S100B	
	6.6E-10	35	662	4.10	GO:0120039 plasma membrane bounded cell projection morphogenesis	http://amigo.geneontology.org/amigo/term/GO:0120039	EFNB1,METRN,APLP1,MAP1B,PTPRO,DRAXIN,SDC2,MAP6,GAP43,RTN4,MACF1,SYT4,L1CAM,HSP90AA1,NIN,FZD3,TNR,FLRT3,KIDINS220,CDH11,GFRA3,GPM6A,NR4A2,ADCY1,GDNF,DAB1,CNP,POU3F2,FLRT2,ITGA1,MAP2,NTRK2,NCAM1,ANK3,S100B	
	6.6E-10	35	667	4.07	GO:0048858 cell projection morphogenesis	http://amigo.geneontology.org/amigo/term/GO:0048858	EFNB1,METRN,APLP1,MAP1B,PTPRO,DRAXIN,SDC2,MAP6,GAP43,RTN4,MACF1,SYT4,L1CAM,HSP90AA1,NIN,FZD3,TNR,FLRT3,KIDINS220,CDH11,GFRA3,GPM6A,NR4A2,ADCY1,GDNF,DAB1,CNP,POU3F2,FLRT2,ITGA1,MAP2,NTRK2,NCAM1,ANK3,S100B	
	1.0E-09	35	686	3.96	GO:0032990 cell part morphogenesis	http://amigo.geneontology.org/amigo/term/GO:0032990	EFNB1,METRN,APLP1,MAP1B,PTPRO,DRAXIN,SDC2,MAP6,GAP43,RTN4,MACF1,SYT4,L1CAM,HSP90AA1,NIN,FZD3,TNR,FLRT3,KIDINS220,CDH11,GFRA3,GPM6A,NR4A2,ADCY1,GDNF,DAB1,CNP,POU3F2,FLRT2,ITGA1,MAP2,NTRK2,NCAM1,ANK3,S100B	
	6.6E-10	38	789	3.79	GO:0032989 cellular component morphogenesis	http://amigo.geneontology.org/amigo/term/GO:0032989	EFNB1,METRN,APLP1,PMP22,MAP1B,PTPRO,DRAXIN,SDC2,MAP6,GAP43,RTN4,MACF1,SYT4,L1CAM,CD9,HSP90AA1,NIN,FZD3,TNR,FLRT3,KIDINS220,CDH11,GFRA3,GPM6A,NR4A2,ADCY1,GDNF,DAB1,CNP,POU3F2,FLRT2,ITGA1,MAP2,TPM1,NTRK2,NCAM1,ANK3,S100B	
	1.9E-09	42	1001	3.29	GO:0031175 neuron projection development	http://amigo.geneontology.org/amigo/term/GO:0031175	STMN4,GPM6B,MAP2,EFNB1,METRN,APLP1,MAP1B,NTRK2,GPM6A,PTPRO,DRAXIN,SDC2,MAP6,GAP43,RTN4,MACF1,SYT4,GDNF,L1CAM,HSP90AA1,NIN,FZD3,PMP22,TNR,FLRT3,KIDINS220,CDH11,GFRA3,GFRA1,NR4A2,SERPINI1,ADCY1,DAB1,CNP,POU3F2,FLRT2,ITGA1,NPY,ITGA6,NCAM1,ANK3,S100B	
	2.7E-09	45	1169	3.08	GO:0048666 neuron development	http://amigo.geneontology.org/amigo/term/GO:0048666	STMN4,GPM6B,MAP2,EFNB1,METRN,APLP1,MAP1B,NTRK2,GPM6A,PTPRO,LGI4,DRAXIN,SDC2,MAP6,GAP43,PBX1,RTN4,MACF1,SYT4,GDNF,L1CAM,HSP90AA1,NIN,FZD3,PMP22,TNR,FLRT3,KIDINS220,CDH11,GFRA3,GFRA1,NR4A2,SERPINI1,ADCY1,DAB1,CNP,POU3F2,FLRT2,MYT1L,ITGA1,NPY,ITGA6,NCAM1,ANK3,S100B	
	6.6E-10	54	1522	2.84	GO:0048699 generation of neurons	http://amigo.geneontology.org/amigo/term/GO:0048699	STMN4,GPM6B,MAP2,EFNB1,METRN,APLP1,MAP1B,NAV1,NTRK2,GPM6A,PTPRO,NR4A2,LGI4,DRAXIN,NEUROD6,SDC2,MAP6,GAP43,DAB1,BHLHE22,PBX1,RTN4,MACF1,SYT4,GDNF,L1CAM,HSP90AA1,NCOA1,SOX10,NIN,FZD3,PMP22,BCHE,TNR,SATB2,FLRT3,KIDINS220,CDH11,GFRA3,GFRA1,EOMES,SERPINI1,ADCY1,CNP,POU3F2,FLRT2,MYT1L,ITGA1,NPY,RTN1,ITGA6,NCAM1,ANK3,S100B	
	7.9E-09	50	1449	2.76	GO:0030182 neuron differentiation	http://amigo.geneontology.org/amigo/term/GO:0030182	STMN4,GPM6B,MAP2,EFNB1,METRN,APLP1,MAP1B,NTRK2,GPM6A,PTPRO,NR4A2,LGI4,DRAXIN,NEUROD6,SDC2,MAP6,GAP43,BHLHE22,PBX1,RTN4,MACF1,SYT4,GDNF,L1CAM,HSP90AA1,NCOA1,NIN,FZD3,PMP22,TNR,FLRT3,KIDINS220,CDH11,GFRA3,GFRA1,EOMES,SERPINI1,ADCY1,DAB1,CNP,POU3F2,FLRT2,MYT1L,ITGA1,NPY,RTN1,ITGA6,NCAM1,ANK3,S100B	
	1.0E-09	58	1757	2.65	GO:0022008 neurogenesis	http://amigo.geneontology.org/amigo/term/GO:0022008	STMN4,GPM6B,MAP2,EFNB1,METRN,APLP1,MAP1B,NAV1,NTRK2,GPM6A,PTPRO,NR4A2,LGI4,DRAXIN,NEUROD6,SDC2,MAP6,GAP43,DAB1,BHLHE22,PBX1,RTN4,MACF1,SYT4,GDNF,L1CAM,HSP90AA1,NCOA1,SOX10,NIN,FZD3,PMP22,BCHE,TNR,SATB2,FLRT3,KIDINS220,CDH11,GPR17,GFRA3,GFRA1,EOMES,SERPINI1,ADCY1,MAL,CNP,POU3F2,FLRT2,MYT1L,NAP1L1,ITGA1,NPY,RTN1,CD9,ITGA6,NCAM1,ANK3,S100B	
	5.6E-07	48	1563	2.48	GO:0120036 plasma membrane bounded cell projection organization	http://amigo.geneontology.org/amigo/term/GO:0120036	STMN4,GPM6B,MAP2,EFNB1,METRN,APLP1,MAP1B,NTRK2,GPM6A,PTPRO,DZIP1L,DRAXIN,SDC2,MAP6,GAP43,PMP22,RTN4,MACF1,SYT4,GDNF,L1CAM,RFX3,HSP90AA1,NIN,KIF3B,FZD3,TNR,FLRT3,KIDINS220,CDH11,GFRA3,GFRA1,NR4A2,SERPINI1,ADCY1,PRNP,DAB1,CNP,POU3F2,FLRT2,ITGA1,NPY,ITGA6,TPM1,NCAM1,ANK3,GRIN2B,S100B	
	4.7E-07	49	1606	2.47	GO:0030030 cell projection organization	http://amigo.geneontology.org/amigo/term/GO:0030030	STMN4,CAPG,GPM6B,MAP2,EFNB1,METRN,APLP1,MAP1B,NTRK2,GPM6A,PTPRO,DZIP1L,DRAXIN,SDC2,MAP6,GAP43,PMP22,RTN4,MACF1,SYT4,GDNF,L1CAM,RFX3,HSP90AA1,NIN,KIF3B,FZD3,TNR,FLRT3,KIDINS220,CDH11,GFRA3,GFRA1,NR4A2,SERPINI1,ADCY1,PRNP,DAB1,CNP,POU3F2,FLRT2,ITGA1,NPY,ITGA6,TPM1,NCAM1,ANK3,GRIN2B,S100B	
	1.4E-10	77	2618	2.39	GO:0007399 nervous system development	http://amigo.geneontology.org/amigo/term/GO:0007399	CNP,BASP1,CALM1,STMN4,CAPG,GPM6B,MAP2,EFNB1,SOX10,METRN,APLP1,PMP22,MAP1B,NAV1,GFRA3,NTRK2,GPM6A,PTPRO,GFRA1,NR4A2,LGI4,MPZ,DRAXIN,NEUROD6,GFRA2,GDNF,SDC2,MAP6,MAL,GAP43,DAB1,BHLHE22,PBX1,RTN4,MACF1,SYT4,L1CAM,CD9,KIF26A,SMARCA2,HSP90AA1,NCOA1,NIN,FZD3,BCHE,SPTBN1,TNR,SATB2,FLRT3,KIDINS220,SCN2A,CYP1B1,CDH11,GPR17,DZIP1L,EOMES,TGFBR2,SERPINI1,ADCY1,SSTR2,SLC8A1,POU3F2,FLRT2,MYT1L,NAP1L1,ITGA1,AQP1,NPY,RTN1,ITGA6,TFAP2A,NCAM1,ANK3,NR0B1,GRIN2B,S100B,SCRG1	
	1.9E-07	61	2239	2.23	GO:0048468 cell development	http://amigo.geneontology.org/amigo/term/GO:0048468	STMN4,GPM6B,MAP2,EFNB1,SOX10,METRN,APLP1,TCP11,MAP1B,NTRK2,GPM6A,PTPRO,LGI4,DRAXIN,SDC2,MAP6,GAP43,DPY19L2,PBX1,RTN4,MACF1,SYT4,GDNF,L1CAM,YBX3,RFX3,SMARCA2,HSP90AA1,NIN,NFATC2,FZD3,AMH,PMP22,TNR,SATB2,FLRT3,KIDINS220,CDH11,ECM1,GFRA3,GFRA1,NR4A2,TGFBR2,SERPINI1,ADCY1,MAL,DAB1,CNP,POU3F2,FLRT2,MYT1L,NAP1L1,ITGA1,NPY,TPM1,ITGA6,NCAM1,ANK3,EFEMP2,SLC8A1,S100B	
	1.0E-08	74	2867	2.13	GO:0009653 anatomical structure morphogenesis	http://amigo.geneontology.org/amigo/term/GO:0009653	CDH19,EFNB1,SOX10,METRN,AMH,APLP1,PMP22,SOBP,MAP1B,FGF7,CDH11,PTPRO,DRAXIN,EOMES,GDNF,SDC2,MAP6,GAP43,PBX1,FOXD3,ARHGAP15,RTN4,MACF1,COL5A1,SYT4,TFAP2A,ECM1,L1CAM,THSD7A,CD9,CAPN1,HSP90AA1,NCOA1,NIN,NFATC2,FZD3,CRYAB,HBEGF,SPTBN1,TNR,SATB2,FLRT3,KIDINS220,CYP1B1,GFRA3,GPC3,NTRK2,GPM6A,NR4A2,PRKCA,TGFBR2,ADCY1,IGF2,NR0B1,DAB1,CNP,POU3F2,FLRT2,RACK1,ITGA1,PHB2,AQP1,MAP2,TGFBI,CREB3L1,ITGA6,HSPB1,WNK4,TPM1,NCAM1,ANK3,EFEMP2,BASP1,S100B	
	4.6E-10	105	4617	1.90	GO:0048731 system development	http://amigo.geneontology.org/amigo/term/GO:0048731	CNP,BASP1,CALM1,STMN4,CAPG,GPM6B,MAP2,EFNB1,SOX10,METRN,APLP1,PMP22,MAP1B,NAV1,FGF7,GFRA3,NTRK2,GPM6A,PTPRO,GFRA1,NR4A2,LGI4,MPZ,DRAXIN,EOMES,TGFBR2,NEUROD6,GFRA2,GDNF,NR0B1,SDC2,MAP6,MAL,GAP43,DAB1,BHLHE22,PBX1,SMARCA2,NFATC2,RTN4,MACF1,SYT4,ECM1,L1CAM,THSD7A,CD9,YBX3,KIF26A,RFX3,HSP90AA1,NCOA1,NIN,FZD3,AMH,CRYAB,NPR3,BCHE,SPTBN1,TNR,NID1,SATB2,TGFBI,CDKN1A,FLRT3,VGF,COL5A1,ASS1,KIDINS220,SCN2A,CYP1B1,CDH11,GPR17,GPC3,PRKCA,DZIP1L,SERPINI1,ADCY1,IGF2,NUPR1,SSTR2,SLC8A1,POU3F2,FLRT2,MYT1L,NAP1L1,ARID5A,MMP17,ITGA1,AQP1,NPY,TFAP2A,RTN1,CREB3L1,HSPB1,WNK4,TPM1,CLMP,ITGA6,NCAM1,ANK3,EFEMP2,GRIN2B,PRDX1,S100B,SCRG1	
								
	Enrichment FDR	nGenes	Pathway Genes	Fold Enrichment	Pathway	URL	Genes	Category
BP:GO - cortical neurons:  shared correlation genes between humans and chimpanzees (n = 71)	2.5E-11	7	13	69.47	GO:0034470 negative reg. of ubiquitin protein ligase activity	http://amigo.geneontology.org/amigo/term/GO:1904667	RPL5,RPL23,RPS7,RPS20,RPS15,RPL37,RPL11	Cellular component
	1.3E-12	8	29	64.96	GO:0000027 ribosomal large subunit assembly	http://amigo.geneontology.org/amigo/term/GO:0000027	RPL6,RPLP0,RPL3,RPL5,RPL10,RPL23A,RPL24,RPL11	Cellular component
	5.6E-110	62	178	52.24	GO:0002181 cytoplasmic translation	http://amigo.geneontology.org/amigo/term/GO:0002181	RPL31,RPL6,RPLP0,RPL24,RPL22,RPL36,RPLP1,RPL8,RPL26,RPL29,RPL9,RPL15,RPL35A,RPS20,RPL18,RPS5,RPL3,RPS16,RPS19,RPL18A,RPL19,RPL34,RPS13,RPS12,RPS15,RPL21,RPL5,RPL23,RPL27,RPS15A,RPL35,RPS24,RPS2,RPS11,RPL13A,RPL11,RPS8,RPS27A,RPL32,RPS3A,RPL37,RPL10,RPL7,RPS3,FAU,RPL30,RPS14,RPL27A,RPL13,RPS21,RPS7,RPL4,RPLP2,RPS27,RPS23,RPL14,RPL12,RPL23A,RPL10A,RPL39,RPS29,UBA52	Gene expression
	7.0E-20	14	79	48.09	GO:0042273 ribosomal large subunit biogenesis	http://amigo.geneontology.org/amigo/term/GO:0042273	RPL6,RPLP0,RPL3,RPL5,RPL35,RPL10,RPL7,RPL26,RPL35A,RPL14,RPL23A,RPL10A,RPL24,RPL11	Cellular component
	3.8E-18	13	63	46.45	GO:0042255 ribosome assembly	http://amigo.geneontology.org/amigo/term/GO:0042255	RPS5,RPL6,RPLP0,RPL3,RPS19,RPS15,RPL5,RPL10,RPS14,RPS27,RPL23A,RPL24,RPL11	Cellular component
	2.9E-81	63	784	20.92	GO:0006412 translation	http://amigo.geneontology.org/amigo/term/GO:0006412	RPL31,RPS5,RPL6,RPLP0,RPL24,RPL22,RPL36,RPLP1,RPS2,RPL13A,EEF1A1,RPL8,RPL26,RPL29,RPL9,RPS14,RPL15,RPL35A,RPS23,RPL12,RPS20,RPL18,RPL3,RPS16,RPS19,RPL18A,RPL19,RPL34,RPS13,RPS12,RPS15,RPL21,RPL5,RPL23,RPL27,RPS15A,RPL35,RPS24,RPS11,RPL11,RPS8,RPS27A,RPL32,RPS3A,RPL37,RPL10,RPL7,RPS3,FAU,RPL30,RPL27A,RPL13,RPS21,RPS7,RPL4,RPLP2,RPS27,RPL14,RPL23A,RPL10A,RPL39,RPS29,UBA52	Gene expression
	3.2E-81	63	814	20.76	GO:0043043 peptide biosynthetic proc.	http://amigo.geneontology.org/amigo/term/GO:0043043	RPL31,RPS5,RPL6,RPLP0,RPL24,RPL22,RPL36,RPLP1,RPS2,RPL13A,EEF1A1,RPL8,RPL26,RPL29,RPL9,RPS14,RPL15,RPL35A,RPS23,RPL12,RPS20,RPL18,RPL3,RPS16,RPS19,RPL18A,RPL19,RPL34,RPS13,RPS12,RPS15,RPL21,RPL5,RPL23,RPL27,RPS15A,RPL35,RPS24,RPS11,RPL11,RPS8,RPS27A,RPL32,RPS3A,RPL37,RPL10,RPL7,RPS3,FAU,RPL30,RPL27A,RPL13,RPS21,RPS7,RPL4,RPLP2,RPS27,RPL14,RPL23A,RPL10A,RPL39,RPS29,UBA52	Metabolism
	3.5E-25	25	327	19.76	GO:0042254 ribosome biogenesis	http://amigo.geneontology.org/amigo/term/GO:0042254	RPS5,RPL6,RPLP0,RPL3,RPS16,RPS19,RPS15,RPL5,RPL35,RPS8,RPL10,RPL7,RPL26,RPS14,RPS21,RPS7,RPS27,RPL35A,RPL14,RPL23A,RPL10A,RPL24,RPL27,RPS24,RPL11	Cellular component
	5.2E-77	63	999	18.04	GO:0006518 peptide metabolic proc.	http://amigo.geneontology.org/amigo/term/GO:0006518	RPL31,RPS5,RPL6,RPLP0,RPL24,RPL22,RPL36,RPLP1,RPS2,RPL13A,EEF1A1,RPL8,RPL26,RPL29,RPL9,RPS14,RPL15,RPL35A,RPS23,RPL12,RPS20,RPL18,RPL3,RPS16,RPS19,RPL18A,RPL19,RPL34,RPS13,RPS12,RPS15,RPL21,RPL5,RPL23,RPL27,RPS15A,RPL35,RPS24,RPS11,RPL11,RPS8,RPS27A,RPL32,RPS3A,RPL37,RPL10,RPL7,RPS3,FAU,RPL30,RPL27A,RPL13,RPS21,RPS7,RPL4,RPLP2,RPS27,RPL14,RPL23A,RPL10A,RPL39,RPS29,UBA52	Metabolism
	9.8E-17	18	248	17.67	GO:0006364 rRNA processing	http://amigo.geneontology.org/amigo/term/GO:0006364	RPS16,RPL35,RPS8,RPL7,RPS14,RPS21,RPS7,RPL10A,RPS19,RPS15,RPL5,RPL27,RPS24,RPL11,RPL26,RPS27,RPL35A,RPL14	Gene expression
	1.1E-75	63	959	17.21	GO:0043604 amide biosynthetic proc.	http://amigo.geneontology.org/amigo/term/GO:0043604	RPL31,RPS5,RPL6,RPLP0,RPL24,RPL22,RPL36,RPLP1,RPS2,RPL13A,EEF1A1,RPL8,RPL26,RPL29,RPL9,RPS14,RPL15,RPL35A,RPS23,RPL12,RPS20,RPL18,RPL3,RPS16,RPS19,RPL18A,RPL19,RPL34,RPS13,RPS12,RPS15,RPL21,RPL5,RPL23,RPL27,RPS15A,RPL35,RPS24,RPS11,RPL11,RPS8,RPS27A,RPL32,RPS3A,RPL37,RPL10,RPL7,RPS3,FAU,RPL30,RPL27A,RPL13,RPS21,RPS7,RPL4,RPLP2,RPS27,RPL14,RPL23A,RPL10A,RPL39,RPS29,UBA52	Metabolism
	4.6E-16	18	288	16.24	GO:0016072 rRNA metabolic proc.	http://amigo.geneontology.org/amigo/term/GO:0016072	RPS16,RPL35,RPS8,RPL7,RPS14,RPS21,RPS7,RPL10A,RPS19,RPS15,RPL5,RPL27,RPS24,RPL11,RPL26,RPS27,RPL35A,RPL14	RNA biosynthesis
	2.5E-11	14	240	13.89	GO:0022618 ribonucleoprotein complex assembly	http://amigo.geneontology.org/amigo/term/GO:0022618	RPS5,RPL6,RPLP0,RPL3,RPS19,RPS15,RPL5,RPL10,RPS14,RPS27,RPL23A,RPL13A,RPL24,RPL11	RNA biosynthesis
	3.4E-11	14	248	13.45	GO:0071826 ribonucleoprotein complex subunit organization	http://amigo.geneontology.org/amigo/term/GO:0071826	RPS5,RPL6,RPLP0,RPL3,RPS19,RPS15,RPL5,RPL10,RPS14,RPS27,RPL23A,RPL13A,RPL24,RPL11	RNA biosynthesis
	7.2E-68	63	1301	13.21	GO:0043603 cellular amide metabolic proc.	http://amigo.geneontology.org/amigo/term/GO:0043603	RPL31,RPS5,RPL6,RPLP0,RPL24,RPL22,RPL36,RPLP1,RPS2,RPL13A,EEF1A1,RPL8,RPL26,RPL29,RPL9,RPS14,RPL15,RPL35A,RPS23,RPL12,RPS20,RPL18,RPL3,RPS16,RPS19,RPL18A,RPL19,RPL34,RPS13,RPS12,RPS15,RPL21,RPL5,RPL23,RPL27,RPS15A,RPL35,RPS24,RPS11,RPL11,RPS8,RPS27A,RPL32,RPS3A,RPL37,RPL10,RPL7,RPS3,FAU,RPL30,RPL27A,RPL13,RPS21,RPS7,RPL4,RPLP2,RPS27,RPL14,RPL23A,RPL10A,RPL39,RPS29,UBA52	Metabolism
	2.6E-21	26	509	12.97	GO:0022613 ribonucleoprotein complex biogenesis	http://amigo.geneontology.org/amigo/term/GO:0022613	RPS5,RPL6,RPLP0,RPL3,RPS16,RPS19,RPS15,RPL5,RPL35,RPS8,RPL10,RPL7,RPL26,RPS14,RPS21,RPS7,RPS27,RPL35A,RPL14,RPL23A,RPL10A,RPL13A,RPL24,RPL27,RPS24,RPL11	RNA biosynthesis
	4.0E-67	63	1259	12.85	GO:0034645 cellular macromolecule biosynthetic proc.	http://amigo.geneontology.org/amigo/term/GO:0034645	RPL31,RPS5,RPL6,RPLP0,RPL24,RPL22,RPL36,RPLP1,RPS2,RPL13A,EEF1A1,RPL8,RPL26,RPL29,RPL9,RPS14,RPL15,RPL35A,RPS23,RPL12,RPS20,RPL18,RPL3,RPS16,RPS19,RPL18A,RPL19,RPL34,RPS13,RPS12,RPS15,RPL21,RPL5,RPL23,RPL27,RPS15A,RPL35,RPS24,RPS11,RPL11,RPS8,RPS27A,RPL32,RPS3A,RPL37,RPL10,RPL7,RPS3,FAU,RPL30,RPL27A,RPL13,RPS21,RPS7,RPL4,RPLP2,RPS27,RPL14,RPL23A,RPL10A,RPL39,RPS29,UBA52	Cellular component
	3.8E-12	16	417	12.21	GO:0140694 non-membrane-bounded organelle assembly	http://amigo.geneontology.org/amigo/term/GO:0140694	RPS5,RPL6,RPLP0,RPL3,RPS19,RPS15,RPL5,RPL10,RPS14,CSRP2,RPS27,RPL23A,RPL24,RPL11,RPS3,RPS23	Cellular component
	4.6E-59	63	1888	9.72	GO:1901566 organonitrogen compound biosynthetic proc.	http://amigo.geneontology.org/amigo/term/GO:1901566	RPL31,RPS5,RPL6,RPLP0,RPL24,RPL22,RPL36,RPLP1,RPS2,RPL13A,EEF1A1,RPL8,RPL26,RPL29,RPL9,RPS14,RPL15,RPL35A,RPS23,RPL12,RPS20,RPL18,RPL3,RPS16,RPS19,RPL18A,RPL19,RPL34,RPS13,RPS12,RPS15,RPL21,RPL5,RPL23,RPL27,RPS15A,RPL35,RPS24,RPS11,RPL11,RPS8,RPS27A,RPL32,RPS3A,RPL37,RPL10,RPL7,RPS3,FAU,RPL30,RPL27A,RPL13,RPS21,RPS7,RPL4,RPLP2,RPS27,RPL14,RPL23A,RPL10A,RPL39,RPS29,UBA52	Metabolism
	3.2E-11	18	483	8.64	GO:0034470 ncRNA processing	http://amigo.geneontology.org/amigo/term/GO:0034470	RPS16,RPL35,RPS8,RPL7,RPS14,RPS21,RPS7,RPL10A,RPS19,RPS15,RPL5,RPL27,RPS24,RPL11,RPL26,RPS27,RPL35A,RPL14	Gene expression
								
BP:GO - cortical neurons:  human-specific  correlation genes (n = 11)	1.6E-03	5	784	14.63	GO:0006412 translation	http://amigo.geneontology.org/amigo/term/GO:0006412	RPS6,RPL38,RPL37A,RPS28,NACA	Gene expression
	1.6E-03	5	814	14.03	GO:0043043 peptide biosynthetic proc.	http://amigo.geneontology.org/amigo/term/GO:0043043	RPS6,RPL38,RPL37A,RPS28,NACA	Metabolism
	2.8E-03	5	959	11.82	GO:0043604 amide biosynthetic proc.	http://amigo.geneontology.org/amigo/term/GO:0043604	RPS6,RPL38,RPL37A,RPS28,NACA	Metabolism
	2.8E-03	5	999	11.41	GO:0006518 peptide metabolic proc.	http://amigo.geneontology.org/amigo/term/GO:0006518	RPS6,RPL38,RPL37A,RPS28,NACA	Metabolism
	3.7E-03	6	1888	6.94	GO:1901566 organonitrogen compound biosynthetic proc.	http://amigo.geneontology.org/amigo/term/GO:1901566	RPS6,RPL38,RPL37A,RPS28,ALDOA,NACA	Metabolism
	6.4E-03	5	1259	8.67	GO:0034645 cellular macromolecule biosynthetic proc.	http://amigo.geneontology.org/amigo/term/GO:0034645	RPS6,RPL38,RPL37A,RPS28,NACA	Cellular component
	6.4E-03	5	1301	8.67	GO:0043603 cellular amide metabolic proc.	http://amigo.geneontology.org/amigo/term/GO:0043603	RPS6,RPL38,RPL37A,RPS28,NACA	Metabolism
	3.2E-02	6	2867	4.30	GO:0009653 anatomical structure morphogenesis	http://amigo.geneontology.org/amigo/term/GO:0009653	ALDOA,BCL11A,RPS6,FEZF2,RPL38,NACA	Development
								
BP:GO - central progenitors and neurons:  Positively correlated  human-specific genes (n = 35)	7.0E-03	8	745	8.05	GO:0043269 reg. of ion transport	http://amigo.geneontology.org/amigo/term/GO:0043269	SYT17,FGF12,VIP,AKAP7,CNR1,FXYD6,MEF2C,NRXN1	(Synaptic) signaling
	1.3E-02	5	291	11.14	GO:0007611 learning or memory	http://amigo.geneontology.org/amigo/term/GO:0007611	VIP,CNR1,SORCS3,NRXN1,MEF2C	Cognition
	1.3E-02	7	764	6.88	GO:0007268 chemical synaptic transmission	http://amigo.geneontology.org/amigo/term/GO:0007268	DLG2,NRXN1,FGF12,CNR1,AKAP7,SORCS3,MEF2C	(Synaptic) signaling
	1.3E-02	7	764	6.88	GO:0098916 anterograde trans-synaptic signaling	http://amigo.geneontology.org/amigo/term/GO:0098916	DLG2,NRXN1,FGF12,CNR1,AKAP7,SORCS3,MEF2C	(Synaptic) signaling
	1.3E-02	7	773	6.72	GO:0099537 trans-synaptic signaling	http://amigo.geneontology.org/amigo/term/GO:0099537	DLG2,NRXN1,FGF12,CNR1,AKAP7,SORCS3,MEF2C	(Synaptic) signaling
	1.3E-02	7	810	6.66	GO:0099536 synaptic signaling	http://amigo.geneontology.org/amigo/term/GO:0099536	DLG2,NRXN1,FGF12,CNR1,AKAP7,SORCS3,MEF2C	(Synaptic) signaling
	1.8E-02	5	347	9.97	GO:0050890 cognition	http://amigo.geneontology.org/amigo/term/GO:0050890	VIP,CNR1,SORCS3,NRXN1,MEF2C	Cognition
	1.8E-02	15	3602	2.60	GO:0010646 reg. of cell communication	http://amigo.geneontology.org/amigo/term/GO:0010646	AKAP7,TXN,NRXN1,PRMT2,SCG2,RHEB,CNR1,SORCS3,HTRA1,ERBB4,FGF12,NR3C2,PTPRR,MEF2C,CHD5	(Synaptic) signaling
	1.8E-02	15	3615	2.57	GO:0023051 reg. of signaling	http://amigo.geneontology.org/amigo/term/GO:0023051	AKAP7,TXN,NRXN1,PRMT2,SCG2,RHEB,CNR1,SORCS3,HTRA1,ERBB4,FGF12,NR3C2,PTPRR,MEF2C,CHD5	(Synaptic) signaling
								
BP:GO - central progenitors and neurons:  Negatively correlated  human-specific genes (n = 27)	1.1E-17	15	178	32.33	GO:0002181 cytoplasmic translation	http://amigo.geneontology.org/amigo/term/GO:0002181	RPL6,RPL15,RPL3,EIF3E,RPL5,RPS15A,RPL13A,RPS8,RPS27A,RPS3A,RPL7,RPS3,RPL13,RPS4X,RPL39	Gene expression
	6.4E-04	5	140	16.99	GO:0006413 translational initiation	http://amigo.geneontology.org/amigo/term/GO:0006413	EIF3E,RPL13A,EIF1,RPS3,RPS3A	Gene expression
	1.0E-03	5	240	14.89	GO:0022618 ribonucleoprotein complex assembly	http://amigo.geneontology.org/amigo/term/GO:0022618	RPL6,RPL3,RPL5,EIF3E,RPL13A	RNA biosynthesis
	5.8E-15	17	784	14.54	GO:0006412 translation	http://amigo.geneontology.org/amigo/term/GO:0006412	RPL6,EIF3E,RPL13A,EEF1A1,RPL15,RPS4X,RPL3,RPL5,RPS15A,RPS8,RPS27A,RPS3A,RPL7,RPS3,RPL13,RPL39,EIF1	Gene expression
	5.8E-15	17	814	14.26	GO:0043043 peptide biosynthetic proc.	http://amigo.geneontology.org/amigo/term/GO:0043043	RPL6,EIF3E,RPL13A,EEF1A1,RPL15,RPS4X,RPL3,RPL5,RPS15A,RPS8,RPS27A,RPS3A,RPL7,RPS3,RPL13,RPL39,EIF1	RNA biosynthesis
	1.3E-03	5	248	13.95	GO:0071826 ribonucleoprotein complex subunit organization	http://amigo.geneontology.org/amigo/term/GO:0071826	RPL6,RPL3,RPL5,EIF3E,RPL13A	RNA biosynthesis
	4.6E-14	17	999	12.31	GO:0006518 peptide metabolic proc.	http://amigo.geneontology.org/amigo/term/GO:0006518	RPL6,EIF3E,RPL13A,EEF1A1,RPL15,RPS4X,RPL3,RPL5,RPS15A,RPS8,RPS27A,RPS3A,RPL7,RPS3,RPL13,RPL39,EIF1	Metabolism
	4.6E-14	17	959	12.25	GO:0043604 amide biosynthetic proc.	http://amigo.geneontology.org/amigo/term/GO:0043604	RPL6,EIF3E,RPL13A,EEF1A1,RPL15,RPS4X,RPL3,RPL5,RPS15A,RPS8,RPS27A,RPS3A,RPL7,RPS3,RPL13,RPL39,EIF1	Metabolism
	3.7E-03	5	417	10.44	GO:0140694 non-membrane-bounded organelle assembly	http://amigo.geneontology.org/amigo/term/GO:0140694	RPL6,RPL3,RPL5,ACTG1,RPS3	Cellular component
	2.3E-12	17	1259	9.59	GO:0034645 cellular macromolecule biosynthetic proc.	http://amigo.geneontology.org/amigo/term/GO:0034645	RPL6,EIF3E,RPL13A,EEF1A1,RPL15,RPS4X,RPL3,RPL5,RPS15A,RPS8,RPS27A,RPS3A,RPL7,RPS3,RPL13,RPL39,EIF1	Cellular component
	2.5E-12	17	1301	9.47	GO:0043603 cellular amide metabolic proc.	http://amigo.geneontology.org/amigo/term/GO:0043603	RPL6,EIF3E,RPL13A,EEF1A1,RPL15,RPS4X,RPL3,RPL5,RPS15A,RPS8,RPS27A,RPS3A,RPL7,RPS3,RPL13,RPL39,EIF1	Metabolism
	1.7E-03	6	449	9.19	GO:0006417 reg. of translation	http://amigo.geneontology.org/amigo/term/GO:0006417	RPL13A,RPL5,RPS3,EIF1,RPS4X,EIF3E	Gene expression
	6.4E-04	7	509	8.79	GO:0022613 ribonucleoprotein complex biogenesis	http://amigo.geneontology.org/amigo/term/GO:0022613	RPL6,RPL3,RPL5,RPS8,RPL7,EIF3E,RPL13A	RNA biosynthesis
	9.0E-03	5	327	8.44	GO:0042254 ribosome biogenesis	http://amigo.geneontology.org/amigo/term/GO:0042254	RPL6,RPL3,RPL5,RPS8,RPL7	Cellular component
	2.7E-03	6	514	8.33	GO:0034248 reg. of cellular amide metabolic proc.	http://amigo.geneontology.org/amigo/term/GO:0034248	RPL13A,RPL5,RPS3,EIF1,RPS4X,EIF3E	Metabolism
	2.8E-03	6	533	8.16	GO:2000112 reg. of cellular macromolecule biosynthetic proc.	http://amigo.geneontology.org/amigo/term/GO:2000112	RPL13A,RPL5,RPS3,EIF1,RPS4X,EIF3E	Cellular component
	2.5E-10	17	1888	7.11	GO:1901566 organonitrogen compound biosynthetic proc.	http://amigo.geneontology.org/amigo/term/GO:1901566	RPL6,EIF3E,RPL13A,EEF1A1,RPL15,RPS4X,RPL3,RPL5,RPS15A,RPS8,RPS27A,RPS3A,RPL7,RPS3,RPL13,RPL39,EIF1	Metabolism
	5.6E-03	6	601	7.07	GO:0010608 post-transcriptional reg. of gene expression	http://amigo.geneontology.org/amigo/term/GO:0010608	RPL13A,RPL5,RPS3,EIF1,RPS4X,EIF3E	Gene expression
								
BP:GO - GM/S dorsal progetiros/radial glia:  Shared positively correlated gene (n = 49)	1.4E-04	7	180	14.94	GO:0021953 central nervous system neuron differentiation	http://amigo.geneontology.org/amigo/term/GO:0021953	DCX,DLX2,SOX4,ASCL1,DLX1,ELAVL4,GSX2	Neurogenesis
	1.4E-04	9	386	9.17	GO:0050767 reg. of neurogenesis	http://amigo.geneontology.org/amigo/term/GO:0050767	ASCL1,HES6,PAK3,DLL3,DLX2,DLX1,VAX1,GSX2,SHTN1	Neurogenesis
	1.4E-04	10	470	8.43	GO:0051960 reg. of nervous system development	http://amigo.geneontology.org/amigo/term/GO:0051960	ASCL1,HES6,PAK3,DLL3,DLX2,DLX1,VAX1,LRRN3,GSX2,SHTN1	Neurogenesis
	2.7E-04	8	345	9.73	GO:0042063 gliogenesis	http://amigo.geneontology.org/amigo/term/GO:0042063	DCX,DLX2,SOX4,ASCL1,DLX1,VAX1,GSX2,CDK6	Neurogenesis
	4.0E-04	7	249	11.45	GO:0010001 glial cell differentiation	http://amigo.geneontology.org/amigo/term/GO:0010001	DLX2,SOX4,ASCL1,DLX1,VAX1,GSX2,CDK6	Neurogenesis
	4.1E-04	16	1757	3.64	GO:0022008 neurogenesis	http://amigo.geneontology.org/amigo/term/GO:0022008	PAK3,DCX,STMN2,ASCL1,HES6,VAX1,SHTN1,DLL3,DLX5,DPYSL3,DLX2,SOX4,DLX1,ELAVL4,GSX2,CDK6	Neurogenesis
	5.4E-04	7	276	10.48	GO:0021537 telencephalon development	http://amigo.geneontology.org/amigo/term/GO:0021537	DCX,DLX5,DLX2,ASCL1,DLX1,GSX2,CDK6	(Fore)brain development
	6.2E-04	6	196	13.12	GO:0007219 Notch signaling pathway	http://amigo.geneontology.org/amigo/term/GO:0007219	ASCL1,DLL3,CDK6,DLX2,DLX1,GSX2	(Synaptic) signaling
	6.2E-04	8	409	7.94	GO:0030900 forebrain development	http://amigo.geneontology.org/amigo/term/GO:0030900	DCX,DLX5,DLX2,ASCL1,DLX1,ELAVL4,GSX2,CDK6	(Fore)brain development
	6.2E-04	9	530	6.73	GO:0060284 reg. of cell development	http://amigo.geneontology.org/amigo/term/GO:0060284	ASCL1,HES6,PAK3,DLL3,DLX2,DLX1,VAX1,GSX2,SHTN1	Development
	1.2E-03	14	1522	3.66	GO:0048699 generation of neurons	http://amigo.geneontology.org/amigo/term/GO:0048699	PAK3,DCX,STMN2,ASCL1,VAX1,SHTN1,DLX5,DPYSL3,DLX2,SOX4,DLX1,ELAVL4,GSX2,CDK6	Neurogenesis
	1.2E-03	18	2680	2.88	GO:0050793 reg. of developmental proc.	http://amigo.geneontology.org/amigo/term/GO:0050793	PAK3,RND3,ASCL1,HES6,PID1,CDK6,SOX4,DLL3,DLX2,DLX1,VAX1,ELAVL4,LRRN3,GSX2,SMOC1,CD24,FGD3,SHTN1	Development
	1.6E-03	18	2618	2.78	GO:0007399 nervous system development	http://amigo.geneontology.org/amigo/term/GO:0007399	PAK3,DCX,STMN2,ASCL1,HES6,VAX1,SHTN1,DLL3,DLX5,DPYSL3,DLX2,SOX4,DLX1,ELAVL4,LRRN3,GSX2,CDK6,DLX6	Neurogenesis
								
BP:GO - GM/S dorsal progetiros/radial glia:  Shared negatively correlated gene (n = 29)	3.2E-07	5	25	140.21	GO:0021871 forebrain regionalization	http://amigo.geneontology.org/amigo/term/GO:0021871	LHX2,EMX1,DMRTA2,FEZF2,EMX2	(Fore)brain development
	9.3E-04	5	192	19.40	GO:0021543 pallium development	http://amigo.geneontology.org/amigo/term/GO:0021543	LHX2,EMX1,DMRTA2,FEZF2,EMX2	(Fore)brain development
	4.3E-04	6	276	15.55	GO:0021537 telencephalon development	http://amigo.geneontology.org/amigo/term/GO:0021537	LHX2,HES1,EMX1,DMRTA2,FEZF2,EMX2	(Fore)brain development
	3.5E-04	7	377	12.70	GO:0003002 regionalization	http://amigo.geneontology.org/amigo/term/GO:0003002	HES1,SFRP1,LHX2,EMX1,DMRTA2,FEZF2,EMX2	Development
	4.1E-04	7	409	12.03	GO:0030900 forebrain development	http://amigo.geneontology.org/amigo/term/GO:0030900	LHX2,HES1,EMX1,DMRTA2,FEZF2,EMX2,SOX3	(Fore)brain development
	9.3E-04	7	491	9.81	GO:0007389 pattern specification proc.	http://amigo.geneontology.org/amigo/term/GO:0007389	HES1,SFRP1,LHX2,EMX1,DMRTA2,FEZF2,EMX2	Development
	1.6E-03	8	816	6.97	GO:0007420 brain development	http://amigo.geneontology.org/amigo/term/GO:0007420	EMX1,EMX2,SFRP1,LHX2,HES1,DMRTA2,FEZF2,SOX3	(Fore)brain development
	2.2E-03	8	865	6.54	GO:0060322 head development	http://amigo.geneontology.org/amigo/term/GO:0060322	EMX1,EMX2,SFRP1,LHX2,HES1,DMRTA2,FEZF2,SOX3	(Fore)brain development
	4.2E-04	10	1123	6.29	GO:0007417 central nervous system development	http://amigo.geneontology.org/amigo/term/GO:0007417	EMX1,EMX2,VIM,SFRP1,LHX2,HES1,DMRTA2,FEZF2,CLU,SOX3	Neurogenesis
	1.9E-03	16	4309	2.83	GO:0010556 reg. of macromolecule biosynthetic proc.	http://amigo.geneontology.org/amigo/term/GO:0010556	MAGED2,LHX2,HES1,SOX3,EMX1,DMRTA2,HMGA2,EMX2,ENO1,SFRP1,RPL5,HMGN3,FEZF2,VIM,EZR,CLU	Cellular component
	3.6E-03	15	4112	2.78	GO:0051252 reg. of RNA metabolic proc.	http://amigo.geneontology.org/amigo/term/GO:0051252	MAGED2,LHX2,HES1,SOX3,EMX1,DMRTA2,HMGA2,EMX2,ENO1,SFRP1,HMGN3,FEZF2,VIM,EZR,CLU	Metabolism
	2.5E-03	16	4503	2.74	GO:0018130 heterocycle biosynthetic proc.	http://amigo.geneontology.org/amigo/term/GO:0018130	MAGED2,LHX2,HES1,SOX3,EMX1,DMRTA2,HMGA2,EMX2,ENO1,SFRP1,PLTP,HMGN3,FEZF2,EZR,CLU,PSAT1	Metabolism
	2.5E-03	16	4482	2.71	GO:0031326 reg. of cellular biosynthetic proc.	http://amigo.geneontology.org/amigo/term/GO:0031326	MAGED2,LHX2,HES1,SOX3,EMX1,DMRTA2,HMGA2,EMX2,ENO1,SFRP1,CLU,RPL5,HMGN3,FEZF2,VIM,EZR	Metabolism
	3.2E-03	16	4676	2.64	GO:1901362 organic cyclic compound biosynthetic proc.	http://amigo.geneontology.org/amigo/term/GO:1901362	MAGED2,LHX2,HES1,SOX3,EMX1,DMRTA2,HMGA2,EMX2,ENO1,SFRP1,PLTP,HMGN3,FEZF2,EZR,CLU,PSAT1	Metabolism
								
BP:GO - GM/S dorsal progetiros/radial glia:  Positively correlated human-specific genes (n = 293)	1.2E-12	42	781	4.12	GO:0010564 reg. of cell cycle proc.	http://amigo.geneontology.org/amigo/term/GO:0010564	CLSPN,RANBP1,FBXO5,CENPF,CCND2,CDK5RAP2,ANAPC11,MKI67,HNRNPU,BUB1B,CDK1,INSM1,AURKB,CDCA2,DPF1,ACTB,NDC80,BIRC5,CENPJ,SPC24,PBRM1,RAD51AP1,ZWINT,CDKN2C,CDKN2D,NUSAP1,PRC1,TPX2,EZH2,NCAPG,SMC4,SFPQ,RNASEH2B,SMC2,KIF20B,FOXN3,PIN1,E2F1,KIF11,CALM3,RDX,FBXW7	Cell cycle
	1.3E-14	43	689	4.64	GO:0051301 cell division	http://amigo.geneontology.org/amigo/term/GO:0051301	DCTN3,NUSAP1,AURKB,BIRC5,ARHGEF2,HDGF,PRC1,YBX1,ASPM,SMC1A,NDC80,TPX2,SMC3,UBE2S,NCAPG,FBXO5,SMC4,STMN1,CENPF,CCND2,ZWINT,MIS18BP1,TOP2A,SMC2,KIF11,KIF20B,ANAPC11,CENPJ,HNRNPU,BUB1B,SPC24,ING2,CDK1,CCNE2,FIGN,SKA2,CDCA2,CENPW,PIN1,TRIM36,CALM3,TUBA1B,TUBA1A	Cell cycle
	1.6E-17	57	996	4.25	GO:0000278 mitotic cell cycle	http://amigo.geneontology.org/amigo/term/GO:0000278	NDC80,TPX2,CLSPN,RANBP1,MYBL2,E2F1,SMC3,NCAPG,FBXO5,SMC4,CENPF,CCNI,CCND2,ZWINT,TUBA1B,SMC2,CDK5RAP2,NUSAP1,KIF11,ANAPC11,MKI67,HNRNPU,BUB1B,TUBA1A,CDK1,CCNE2,AURKB,SKA2,CDCA2,MYBL1,TUBB4B,PRC1,CENPW,DPF1,ACTB,BIRC5,CENPJ,SPC24,PBRM1,UBE2S,STMN1,CDKN2C,CDKN2D,SMC1A,EZH2,PCNA,RNASEH2B,KIF20B,CALM3,FOXN3,KIF22,TRIM36,GJA1,RDX,PBK,PIN1,DCTN3	Cell cycle
	1.7E-14	33	395	6.22	GO:0007059 chromosome segregation	http://amigo.geneontology.org/amigo/term/GO:0007059	SMC1A,TOP2B,NDC80,SMC3,NCAPG,SMC4,CENPF,ZWINT,TOP2A,SMC2,CDK5RAP2,NUSAP1,ANAPC11,MKI67,HNRNPU,BUB1B,SPC24,ESCO2,SKA2,CDCA2,PRC1,CENPW,DPF1,ACTB,BIRC5,PBRM1,AURKB,FBXO5,SFPQ,CCNE2,KIF22,FBXW7,HJURP	Cell cycle
	1.9E-15	40	564	5.33	GO:0048285 organelle fission	http://amigo.geneontology.org/amigo/term/GO:0048285	TOP2B,NDC80,TPX2,RANBP1,SMC3,NCAPG,FBXO5,SMC4,ZWINT,TOP2A,SMC2,CDK5RAP2,NUSAP1,KIF11,ANAPC11,MKI67,HNRNPU,BUB1B,CDCA2,PRC1,DPF1,SMC1A,ACTB,BIRC5,SPC24,PBRM1,AURKB,UBE2S,CORO1C,RAD51AP1,ASPM,MYBL2,KIF20B,ING2,UBB,CCNE2,KIF22,MYBL1,CENPF,PIN1	Cellular component
	2.7E-11	52	1269	3.13	GO:0033043 reg. of organelle organization	http://amigo.geneontology.org/amigo/term/GO:0033043	TMSB10,CAPZB,FBXO5,DBN1,STMN1,CDK5RAP2,RDX,ANAPC11,MKI67,HNRNPU,BUB1B,TMSB15A,MAP1A,MTSS1,CDCA2,BICD2,EVL,STMN3,DPF1,ACTB,NDC80,BIRC5,CENPJ,SPC24,PBRM1,AURKB,EPHA3,TPX2,NCAPG,RAD51AP1,SMC4,ZWINT,HNRNPA1,SMC2,NUSAP1,PFDN2,SKA2,CCDC88A,SFPQ,KIF20B,ARPC5,SEMA3E,AFAP1,FBXW7,ARHGEF2,TCP1,TOP2A,TRIM36,ACTG1,HNRNPA2B1,CENPF,PIN1	Cellular component
	3.2E-11	50	1213	3.20	GO:0051726 reg. of cell cycle	http://amigo.geneontology.org/amigo/term/GO:0051726	BIRC5,CLSPN,RANBP1,FBXO5,CENPF,CCNI,CCND2,CDKN2C,CDKN2D,GADD45G,CDK5RAP2,ANAPC11,MKI67,HNRNPU,BUB1B,CDK1,INSM1,CCNE2,AURKB,CDCA2,DPF1,ACTB,NDC80,CENPJ,SPC24,PBRM1,RAD51AP1,ZWINT,NUSAP1,PRC1,ASPM,TPX2,E2F1,EZH2,NCAPG,SMC4,TFDP2,SFPQ,RNASEH2B,SMC2,KIF20B,ZFHX3,TRIM36,CITED2,FOXN3,PIN1,KIF11,CALM3,RDX,FBXW7	Cell cycle
	3.2E-13	51	1173	3.57	GO:0051276 chromosome organization	http://amigo.geneontology.org/amigo/term/GO:0051276	ACTB,HDAC2,SMC1A,TOP2B,NDC80,SMC3,NCAPG,SMC4,CBX3,ZWINT,HJURP,TOP2A,SMC2,CDK5RAP2,NUSAP1,ANAPC11,ANP32E,HNRNPU,BUB1B,ESCO2,HMGN2,PRC1,CENPW,DPF1,BIRC5,DEK,SPC24,PBRM1,AURKB,EZH2,FBXO5,HAT1,HNRNPA1,ANP32B,SFPQ,SET,PCNA,ATAD2,ING2,CDK1,CCNE2,HMGB1,KIF22,FBXW7,TCP1,HMGB3,HNRNPA2B1,MKI67,HMGB2,CENPF,HIRIP3	Cell cycle
	4.0E-11	45	986	3.47	GO:0007017 microtubule-based proc.	http://amigo.geneontology.org/amigo/term/GO:0007017	CFAP20,DYNC1I2,KIF22,TPX2,RANBP1,CEP152,CCDC88A,STMN1,TUBA1B,CDK5RAP2,NUSAP1,TTLL7,KIF11,KIF20B,CENPJ,HNRNPU,DYNC1I1,MAP1A,TUBA1A,AURKB,BICD2,TUBB4B,STMN3,PRC1,BIRC5,EPHA3,NDC80,UBB,SKA2,ASPM,CRMP1,DNAJA1,MYBL2,FBXO5,SFPQ,DCTN3,ING2,FIGN,SMC1A,SMC3,ARHGEF2,TRIM36,GJA1,CFL1,CDK1	Cellular component
	4.3E-14	31	346	6.47	GO:0140014 mitotic nuclear division	http://amigo.geneontology.org/amigo/term/GO:0140014	NDC80,TPX2,RANBP1,SMC3,NCAPG,FBXO5,SMC4,ZWINT,SMC2,CDK5RAP2,NUSAP1,KIF11,ANAPC11,MKI67,HNRNPU,BUB1B,CDCA2,PRC1,DPF1,ACTB,BIRC5,SPC24,PBRM1,AURKB,UBE2S,SMC1A,MYBL2,KIF20B,KIF22,CENPF,PIN1	Cellular component
	6.2E-14	112	4206	2.07	GO:0006996 organelle organization	http://amigo.geneontology.org/amigo/term/GO:0006996	ACTB,HDAC2,TMSB10,CFAP20,SMC1A,TOP2B,CAPZB,NDC80,TPX2,RANBP1,CEP152,CHCHD2,SMC3,NCAPG,CORO1C,FBXO5,COX7A2,DBN1,SMC4,CCDC88A,ARHGEF2,STMN1,CBX3,ZWINT,TUBA1B,HJURP,STRIP2,TOP2A,SMC2,CDK5RAP2,RDX,NUSAP1,TTLL7,KIF11,COX17,ANAPC11,ANP32E,RAB13,MKI67,CENPJ,HNRNPU,BUB1B,TMSB15A,ARPC5,MAP1A,TPM4,TUBA1A,LSM3,MTSS1,ESCO2,CFL1,AURKB,CDCA2,BICD2,TUBB4B,EVL,STMN3,RPL23A,HMGN2,PRC1,CENPW,DPF1,BIRC5,DEK,SPC24,PBRM1,EPHA3,EZH2,UBE2S,RAD51AP1,HAT1,HNRNPA1,ANP32B,PFDN2,SKA2,ARHGAP11B,ASPM,CRMP1,MYBL2,SFPQ,SET,PCNA,KIF20B,ANK2,ATAD2,CALM3,HMGB2,ING2,CDK1,UBB,SEMA3E,CCNE2,FIGN,ACTG1,AFAP1,HMGB1,KIF22,FBXW7,LMNB1,TCP1,NDUFB11,TRIM36,GJA1,NDUFB8,PPIA,HMGB3,HNRNPA2B1,ATCAY,MYBL1,CENPF,PIN1,HIRIP3	Cellular component
	6.9E-17	63	1321	3.66	GO:0022402 cell cycle proc.	http://amigo.geneontology.org/amigo/term/GO:0022402	SMC1A,TOP2B,NDC80,TPX2,CLSPN,RANBP1,E2F1,CEP152,SMC3,NCAPG,FBXO5,SMC4,CENPF,CCNI,CCND2,ZWINT,TOP2A,SMC2,CDK5RAP2,DCTN3,NUSAP1,KIF11,ANAPC11,MKI67,CENPJ,HNRNPU,BUB1B,CDK1,ESCO2,INSM1,CCNE2,AURKB,CDCA2,PRC1,DPF1,ACTB,BIRC5,SPC24,PBRM1,UBE2S,RAD51AP1,STMN1,CDKN2C,CDKN2D,ASPM,MYBL2,EZH2,SFPQ,PCNA,RNASEH2B,KIF20B,CALM3,ING2,UBB,FOXN3,PIN1,KIF22,FBXW7,TRIM36,GJA1,RDX,CFL1,MYBL1	Cell cycle
	6.9E-17	77	1937	3.06	GO:0007049 cell cycle	http://amigo.geneontology.org/amigo/term/GO:0007049	SMC1A,TOP2B,NDC80,TPX2,BIRC5,CLSPN,RANBP1,MYBL2,E2F1,CEP152,SMC3,NCAPG,FBXO5,SMC4,CENPF,CCNI,CCND2,ZWINT,CDKN2C,TUBA1B,CDKN2D,GADD45G,TOP2A,SMC2,CDK5RAP2,DCTN3,NUSAP1,KIF11,ANAPC11,MKI67,CENPJ,HNRNPU,BUB1B,TUBA1A,CDK1,ESCO2,INSM1,CCNE2,AURKB,SKA2,CDCA2,MYBL1,TUBB4B,PRC1,CENPW,DPF1,ACTB,SPC24,PBRM1,UBE2S,RAD51AP1,STMN1,FOXN3,ASPM,EZH2,TFDP2,SFPQ,ARHGEF2,HJURP,PIN1,MIS18BP1,PCNA,RNASEH2B,KIF20B,ZFHX3,TRIM36,CALM3,CITED2,ING2,UBB,FIGN,KIF22,FBXW7,GJA1,RDX,CFL1,PBK	Cell cycle
	8.7E-16	39	514	5.68	GO:0000280 nuclear division	http://amigo.geneontology.org/amigo/term/GO:0000280	TOP2B,NDC80,TPX2,RANBP1,SMC3,NCAPG,FBXO5,SMC4,ZWINT,TOP2A,SMC2,CDK5RAP2,NUSAP1,KIF11,ANAPC11,MKI67,HNRNPU,BUB1B,CDCA2,PRC1,DPF1,SMC1A,ACTB,BIRC5,SPC24,PBRM1,AURKB,UBE2S,RAD51AP1,ASPM,MYBL2,KIF20B,ING2,UBB,CCNE2,KIF22,MYBL1,CENPF,PIN1	Cellular component
	9.8E-16	49	825	4.37	GO:1903047 mitotic cell cycle proc.	http://amigo.geneontology.org/amigo/term/GO:1903047	NDC80,TPX2,CLSPN,RANBP1,E2F1,SMC3,NCAPG,FBXO5,SMC4,CENPF,CCNI,CCND2,ZWINT,SMC2,CDK5RAP2,NUSAP1,KIF11,ANAPC11,MKI67,HNRNPU,BUB1B,CDK1,CCNE2,AURKB,CDCA2,PRC1,DPF1,ACTB,BIRC5,CENPJ,SPC24,PBRM1,UBE2S,STMN1,CDKN2C,CDKN2D,SMC1A,MYBL2,EZH2,PCNA,RNASEH2B,KIF20B,CALM3,FOXN3,KIF22,TRIM36,GJA1,RDX,PIN1	Cell cycle
								
BP:GO - GM/S dorsal progetiros/radial glia:  Negatively correlated human-specific genes (n = 488)	1.4E-08	83	1522	2.22	GO:0048699 generation of neurons	http://amigo.geneontology.org/amigo/term/GO:0048699	SEMA6A,TMEM106B,PLP1,EFNB2,ADGRB3,EPHA7,NTRK3,EFNA3,BOC,LRRC4C,TENM4,PAK1,NEUROG2,MYO6,DMD,EFNA4,NLGN1,SYT1,MT3,RAB29,ITM2C,SPOCK1,FUT9,PTPRM,CIB1,CPNE1,PAX6,VCL,PREX2,EML1,SDK2,MAP3K13,CELSR1,SLC1A3,PHGDH,DOK5,PTN,PTPRZ1,GLI3,CDH23,CCND1,NR2E1,CSPG5,EFHD1,NFE2L2,OLFM3,OBSL1,ATP1B2,HEY2,EDNRB,LEF1,PTPRF,CRABP2,PTPRG,CRB2,FEZ1,VCAM1,PEX13,FAT3,TTC8,AXL,S1PR1,BCL2,ID4,NR2F1,JUN,RGMA,NR2F2,FAT4,ZNF536,ZNF521,TCTN1,ADGRG1,NDRG4,SNX3,ID2,IQSEC1,SH3RF1,FZD7,DDIT4,DNER,PPT1,FEZ2	Neurogenesis
	1.6E-08	90	1757	2.10	GO:0022008 neurogenesis	http://amigo.geneontology.org/amigo/term/GO:0022008	SEMA6A,TMEM106B,PLP1,EFNB2,ADGRB3,EPHA7,HEY2,NTRK3,EFNA3,BOC,LRRC4C,TENM4,PAK1,NEUROG2,MYO6,DMD,EFNA4,LEF1,NLGN1,VCAN,SYT1,MT3,PTN,RAB29,ITM2C,SPOCK1,FUT9,PTPRM,CIB1,CPNE1,PAX6,VCL,PREX2,EML1,SDK2,MAP3K13,CELSR1,SLC1A3,PHGDH,DOK5,PTPRZ1,GLI3,CDH23,CCND1,NR2E1,CSPG5,EFHD1,NFE2L2,OLFM3,OBSL1,ATP1B2,WASF3,RRAS2,EDNRB,PTPRF,CRABP2,PTPRG,CRB2,FEZ1,PLPP3,VCAM1,NCSTN,PEX13,FAT3,TTC8,AXL,S1PR1,BCL2,ID4,NR2F1,JUN,PLAG1,RGMA,NR2F2,DNER,FAT4,ZNF536,ZNF521,TCTN1,ADGRG1,GPC1,NDRG4,SNX3,ID2,IQSEC1,SH3RF1,FZD7,DDIT4,PPT1,FEZ2	Neurogenesis
	3.2E-08	171	4617	1.57	GO:0048731 system development	http://amigo.geneontology.org/amigo/term/GO:0048731	PLP1,GLUD1,VCAN,ZIC2,NNAT,SDK2,IGF2BP2,MYDGF,PIR,SEMA6A,NDRG4,TMEM106B,MFAP2,OBSL1,EFNB2,PPT1,PDLIM4,BCAN,ADGRB3,EPHA7,HEY2,NTRK3,EFNA3,BOC,SYBU,LRRC4C,TENM4,PAK1,PDLIM3,INTU,AXL,NLGN1,S1PR1,NEUROG2,MYO6,ANXA6,DMD,TMX2,EFNA4,LEF1,VCAM1,SYT1,MT3,PTN,SPARC,RAB29,COL4A2,ITM2C,HSPD1,PDCD4,SPOCK1,SALL2,FUT9,PTPRM,CIB1,ZFP36L1,ADGRG1,CPNE1,PAX6,VCL,PREX2,RCN1,PLEKHA5,EML1,MAP3K13,CELSR1,SLC1A3,SNX10,PHGDH,DOK5,TIMP1,ZNF423,TMEM59L,PTPRZ1,GLI3,CDH23,LIPA,MAP2K6,CCND1,LTA4H,NEDD9,NR2E1,QKI,MDFI,BBX,IFT57,CSPG5,IGFBP5,EFHD1,OTX1,NFE2L2,SLC2A1,OLFM3,PFDN5,NDP,GLO1,ATP1B2,PRR7,WASF3,RRAS2,EDNRB,SDCBP,ATIC,IDH1,FKBP10,PTPRF,CRABP2,PTPRG,LRIG1,PAM,CRB2,SERPINH1,FEZ1,ARID5B,DDAH1,FZD7,PLPP3,NCSTN,PEX13,ITGA2,FAT3,TTC8,PRKCB,VKORC1,EEF2,HOPX,BCL2,ID4,RASGRP1,NR2F1,DMRTA1,JUN,MAGED1,PLAG1,RGMA,LDOC1,ATP6AP2,PLCB1,NR2F2,DNER,HES4,FAT4,DDRGK1,ZNF536,ZNF521,TCTN1,GPX1,DKK3,TFAP2C,SAT1,SNCA,PKM,CPE,RPS14,RPL13,GPC1,FGFR3,SNX3,ID2,CTSL,IQSEC1,SH3RF1,SORBS2,ADAMTS9,DDIT4,MLF1,GALNT11,NACA,CD164,FABP7,FEZ2	Development
	5.5E-08	115	2618	1.82	GO:0007399 nervous system development	http://amigo.geneontology.org/amigo/term/GO:0007399	PLP1,GLUD1,VCAN,ZIC2,NNAT,SDK2,IGF2BP2,SEMA6A,NDRG4,TMEM106B,OBSL1,EFNB2,PPT1,BCAN,ADGRB3,EPHA7,HEY2,NTRK3,EFNA3,BOC,SYBU,LRRC4C,TENM4,PAK1,INTU,AXL,NLGN1,NEUROG2,MYO6,DMD,TMX2,EFNA4,LEF1,SYT1,MT3,PTN,RAB29,ITM2C,SPOCK1,FUT9,PTPRM,CIB1,CPNE1,PAX6,VCL,PREX2,EML1,MAP3K13,CELSR1,SLC1A3,PHGDH,DOK5,ZNF423,PTPRZ1,GLI3,CDH23,CCND1,NR2E1,QKI,IFT57,CSPG5,EFHD1,OTX1,NFE2L2,SLC2A1,OLFM3,ATP1B2,WASF3,RRAS2,EDNRB,SDCBP,ATIC,PTPRF,CRABP2,PTPRG,LRIG1,PAM,CRB2,FEZ1,PLPP3,VCAM1,NCSTN,PEX13,FAT3,TTC8,SALL2,S1PR1,BCL2,ID4,NR2F1,JUN,PLAG1,RGMA,ATP6AP2,PLCB1,NR2F2,ZFP36L1,DNER,HES4,FAT4,ZNF536,ZNF521,TCTN1,ADGRG1,SNCA,GPC1,SNX3,ID2,IQSEC1,SH3RF1,FZD7,DDIT4,NDP,FABP7,FEZ2	Neurogenesis
	1.1E-06	74	1449	2.08	GO:0030182 neuron differentiation	http://amigo.geneontology.org/amigo/term/GO:0030182	SEMA6A,TMEM106B,PLP1,EFNB2,ADGRB3,EPHA7,NTRK3,EFNA3,BOC,LRRC4C,TENM4,PAK1,NEUROG2,MYO6,DMD,EFNA4,NLGN1,SYT1,MT3,RAB29,ITM2C,SPOCK1,FUT9,PTPRM,CIB1,CPNE1,PAX6,VCL,PREX2,SDK2,MAP3K13,SLC1A3,PHGDH,DOK5,PTN,PTPRZ1,GLI3,CDH23,CCND1,NR2E1,CSPG5,EFHD1,NFE2L2,OLFM3,OBSL1,ATP1B2,HEY2,EDNRB,PTPRF,CRABP2,PTPRG,CRB2,FEZ1,VCAM1,FAT3,TTC8,S1PR1,BCL2,ID4,NR2F1,JUN,RGMA,FAT4,ZNF536,ZNF521,TCTN1,NDRG4,SNX3,ID2,IQSEC1,FZD7,DDIT4,PPT1,FEZ2	Neurogenesis
	3.1E-05	60	1169	2.09	GO:0048666 neuron development	http://amigo.geneontology.org/amigo/term/GO:0048666	SEMA6A,TMEM106B,PLP1,EFNB2,ADGRB3,EPHA7,NTRK3,EFNA3,BOC,LRRC4C,TENM4,PAK1,DMD,EFNA4,NLGN1,SYT1,MT3,RAB29,ITM2C,SPOCK1,PTPRM,CIB1,CPNE1,PAX6,VCL,PREX2,MAP3K13,SLC1A3,PHGDH,PTN,PTPRZ1,GLI3,CDH23,NR2E1,CSPG5,EFHD1,NFE2L2,OLFM3,OBSL1,ATP1B2,EDNRB,PTPRF,CRABP2,PTPRG,CRB2,FEZ1,FAT3,TTC8,BCL2,NR2F1,JUN,RGMA,FAT4,TCTN1,FUT9,NDRG4,SNX3,IQSEC1,PPT1,FEZ2	Neurogenesis
	5.0E-05	54	1001	2.16	GO:0031175 neuron projection development	http://amigo.geneontology.org/amigo/term/GO:0031175	SEMA6A,TMEM106B,PLP1,EFNB2,EPHA7,NTRK3,EFNA3,BOC,LRRC4C,PAK1,EFNA4,NLGN1,SYT1,MT3,RAB29,ITM2C,SPOCK1,PTPRM,CIB1,CPNE1,PAX6,VCL,PREX2,MAP3K13,PHGDH,PTN,PTPRZ1,GLI3,CDH23,NR2E1,CSPG5,EFHD1,NFE2L2,OBSL1,ATP1B2,ADGRB3,PTPRF,CRABP2,PTPRG,FEZ1,FAT3,TTC8,BCL2,NR2F1,JUN,RGMA,FAT4,DMD,TCTN1,FUT9,NDRG4,SNX3,IQSEC1,FEZ2	Neurogenesis
	1.2E-04	148	4552	1.46	GO:0030154 cell differentiation	http://amigo.geneontology.org/amigo/term/GO:0030154	VCAN,RRAS2,COL6A1,RDH14,PLEKHB1,PIR,SEMA6A,TMEM106B,NR2E1,ID2,PLP1,EFNB2,ADGRB3,EPHA7,HEY2,NTRK3,EFNA3,BOC,LRRC4C,TENM4,PAK1,AXL,ID4,NR2F1,DMRTA1,NEUROG2,NR2F2,MYO6,ANXA6,DMD,EFNA4,LEF1,VCAM1,NLGN1,VCL,SYT1,MT3,PLD3,PTN,RAB29,ITM2C,PDCD4,SPOCK1,TAGLN2,BDH2,HOPX,FUT9,PTPRM,CIB1,ZFP36L1,CPNE1,TXNIP,PAX6,FHL1,ZIC2,PREX2,GPC1,EML1,SDK2,TRIB2,MAP3K13,CELSR1,SLC1A3,SNX10,PHGDH,PNPLA3,DOK5,ZNF423,PTPRZ1,GLI3,CDH23,MAP2K6,CCND1,LTA4H,NEDD9,QKI,MDFI,CSPG5,IGFBP5,EFHD1,NFE2L2,OLFM3,OBSL1,GLO1,ATP1B2,GDPD2,PRR7,WASF3,CD63,EDNRB,PTPRF,CRABP2,SPAG16,PTPRG,MEGF10,CRB2,SERPINH1,FEZ1,ARID5B,FZD7,PLPP3,NCSTN,PEX13,ADAMTS9,INTU,ITGA2,FOXK1,FAT3,TTC8,EEF2,S1PR1,BCL2,RASGRP1,CTBP2,JUN,MLF1,PLAG1,RGMA,PLCB1,DLK1,DNER,HES4,FAT4,ZNF536,ZNF521,TCTN1,ADGRG1,GPX1,ALDOC,DNPH1,CNN3,COL4A2,TM2D3,ASAH1,SDCBP,RPS14,P4HB,NDRG4,SNX3,CTSL,IQSEC1,SH3RF1,SORBS2,DDIT4,NACA,FGFR3,PPT1,FEZ2	Development
	1.6E-04	148	4576	1.45	GO:0048869 cellular developmental proc.	http://amigo.geneontology.org/amigo/term/GO:0048869	VCAN,RRAS2,COL6A1,RDH14,PLEKHB1,PIR,SEMA6A,TMEM106B,NR2E1,CSPG5,ID2,PLP1,EFNB2,ADGRB3,EPHA7,HEY2,NTRK3,EFNA3,BOC,LRRC4C,TENM4,PAK1,AXL,ID4,NR2F1,DMRTA1,NEUROG2,NR2F2,MYO6,ANXA6,DMD,EFNA4,LEF1,VCAM1,NLGN1,VCL,SYT1,MT3,PLD3,PTN,RAB29,ITM2C,PDCD4,SPOCK1,TAGLN2,BDH2,HOPX,FUT9,PTPRM,CIB1,ZFP36L1,CPNE1,TXNIP,PAX6,FHL1,ZIC2,PREX2,GPC1,EML1,SDK2,TRIB2,MAP3K13,CELSR1,SLC1A3,SNX10,PHGDH,PNPLA3,DOK5,ZNF423,PTPRZ1,GLI3,CDH23,MAP2K6,CCND1,LTA4H,NEDD9,QKI,MDFI,IGFBP5,EFHD1,NFE2L2,OLFM3,OBSL1,GLO1,ATP1B2,GDPD2,PRR7,WASF3,CD63,EDNRB,PTPRF,CRABP2,SPAG16,PTPRG,MEGF10,CRB2,SERPINH1,FEZ1,ARID5B,FZD7,PLPP3,NCSTN,PEX13,ADAMTS9,INTU,ITGA2,FOXK1,FAT3,TTC8,EEF2,S1PR1,BCL2,RASGRP1,CTBP2,JUN,MLF1,PLAG1,RGMA,PLCB1,DLK1,DNER,HES4,FAT4,ZNF536,ZNF521,TCTN1,ADGRG1,GPX1,ALDOC,DNPH1,CNN3,COL4A2,TM2D3,ASAH1,SDCBP,RPS14,P4HB,NDRG4,SNX3,CTSL,IQSEC1,SH3RF1,SORBS2,DDIT4,NACA,FGFR3,PPT1,FEZ2	Development
	1.9E-04	130	3774	1.50	GO:0048513 animal organ development	http://amigo.geneontology.org/amigo/term/GO:0048513	PLP1,GLUD1,NNAT,SDK2,PIR,SEMA6A,NDRG4,MFAP2,OBSL1,PDLIM4,PDLIM3,AXL,MYO6,ANXA6,DMD,TMX2,HEY2,VCAM1,LEF1,SALL2,ZFP36L1,TXNIP,PAX6,FHL1,RCN1,GPC1,EML1,SYT1,CELSR1,SNX10,MT3,RPLP0,PHGDH,TIMP1,ZNF423,TMEM59L,PTN,PTPRZ1,GLI3,CDH23,LIPA,MAP2K6,CCND1,LTA4H,NEDD9,NR2E1,MDFI,BBX,IFT57,IGFBP5,OTX1,NFE2L2,SLC2A1,OLFM3,PFDN5,NDP,GLO1,EFNB2,TNFRSF19,ATP1B2,CDO1,PRR7,BCAN,EPHA7,CD164,EDNRB,ATIC,IDH1,NTRK3,PTPRG,LRIG1,PAM,MEGF10,CRB2,TENM4,SERPINH1,FEZ1,ARID5B,PDCD4,FZD7,NCSTN,PEX13,INTU,ITGA2,FOXK1,FAT3,TTC8,VKORC1,EEF2,S1PR1,HOPX,BCL2,ID4,RASGRP1,DMRTA1,JUN,MAGED1,PLAG1,LDOC1,PLCB1,CIB1,NR2F2,DNER,FAT4,DDRGK1,TCTN1,ADGRG1,GPX1,DKK3,TFAP2C,ASAH1,CPE,PPT1,SDCBP,PGRMC2,RPS14,RPL13,PTPRM,SVIL,FGFR3,ID2,CTSL,SH3RF1,SORBS2,ADAMTS9,DDIT4,MLF1,GALNT11,NACA,ZIC2	Development
	4.2E-04	106	2867	1.56	GO:0009653 anatomical structure morphogenesis	http://amigo.geneontology.org/amigo/term/GO:0009653	SDK2,MYDGF,SEMA6A,TMEM106B,CSPG5,MFAP2,DUSP4,OBSL1,EFNB2,EPHA7,EFNA3,BOC,LRRC4C,PAK1,S1PR1,MYO6,ANXA6,EFNA4,INTU,NLGN1,SYT1,MT3,SPARC,COL4A2,ADGRB3,ALDOA,HOPX,PTPRM,CIB1,ADGRG1,CPNE1,PAX6,VCL,PREX2,MAP3K13,CELSR1,SLC1A3,SNX10,TMEM59L,PTN,PTPRZ1,GLI3,CDH23,LIPA,NR2E1,QKI,MDFI,IFT57,IGFBP5,OTX1,NFE2L2,OLFM3,NDP,HEY2,LEF1,FKBP10,CRABP2,LRIG1,PAM,CRB2,TENM4,SERPINH1,FEZ1,ARID5B,PDCD4,EPS8,DDAH1,FZD7,PLPP3,ITGA2,FAT3,TTC8,PRKCB,AXL,BCL2,ID4,JUN,MAGED1,PLAG1,RGMA,NR2F2,ZFP36L1,FAT4,DMD,TCTN1,GPX1,CST3,SAT1,COL6A1,PKM,CPE,NEDD9,WASF3,MYO10,ATP6AP2,P4HB,GPC1,FGFR3,NDRG4,ID2,ADAMTS9,NACA,FHL1,DKK3,IGF2BP2,FEZ2	Development
	5.3E-04	68	1563	1.79	GO:0120036 plasma membrane bounded cell projection organization	http://amigo.geneontology.org/amigo/term/GO:0120036	SEMA6A,TMEM106B,IFT57,PLP1,EFNB2,EPHA7,DYNC2LI1,NTRK3,EFNA3,SPAG16,BOC,LRRC4C,PAK1,EPS8,INTU,TTC8,TCTN1,EFNA4,NLGN1,SYT1,MT3,RAB29,ITM2C,SPOCK1,PTPRM,CIB1,CPNE1,PAX6,SH3YL1,VCL,PREX2,MAP3K13,SNX10,PHGDH,ZNF423,PTN,PTPRZ1,GLI3,CDH23,NEDD9,NR2E1,CSPG5,EFHD1,NFE2L2,OBSL1,ATP1B2,WASF3,ADGRB3,PTPRF,CRABP2,PTPRG,FEZ1,FAT3,S1PR1,BCL2,NR2F1,JUN,RGMA,FAT4,DMD,MYO10,FUT9,NDRG4,SNX3,IQSEC1,GALNT11,SDCBP,FEZ2	Cell projection
	5.9E-04	69	1606	1.77	GO:0030030 cell projection organization	http://amigo.geneontology.org/amigo/term/GO:0030030	SEMA6A,TMEM106B,IFT57,CSPG5,PLP1,EFNB2,EPHA7,DYNC2LI1,NTRK3,EFNA3,SPAG16,BOC,LRRC4C,PAK1,EPS8,INTU,TTC8,TCTN1,EFNA4,NLGN1,SYT1,MT3,RAB29,ITM2C,SPOCK1,PTPRM,CIB1,CPNE1,PAX6,SH3YL1,VCL,PREX2,MAP3K13,SNX10,PHGDH,ZNF423,PTN,PTPRZ1,GLI3,CDH23,NEDD9,NR2E1,EFHD1,NFE2L2,OBSL1,ATP1B2,WASF3,ADGRB3,PTPRF,CRABP2,PTPRG,FEZ1,ITGA2,FAT3,S1PR1,BCL2,NR2F1,JUN,RGMA,FAT4,DMD,MYO10,FUT9,NDRG4,SNX3,IQSEC1,GALNT11,SDCBP,FEZ2	Cell projection
								
BP:GO - Mesenchymal-like cells:  Shared correlation genes  (n = 13)	1.6E-04	5	355	23.21	GO:0030198 extracellular matrix organization	http://amigo.geneontology.org/amigo/term/GO:0030198	COL1A1,COL1A2,MFAP4,COL3A1,LUM	Cellular component
	1.6E-04	5	356	23.13	GO:0043062 extracellular structure organization	http://amigo.geneontology.org/amigo/term/GO:0043062	COL1A1,COL1A2,MFAP4,COL3A1,LUM	Cellular component
	1.6E-04	5	359	23.13	GO:0045229 external encapsulating structure organization	http://amigo.geneontology.org/amigo/term/GO:0045229	COL1A1,COL1A2,MFAP4,COL3A1,LUM	Cellular component
	4.1E-04	6	883	11.47	GO:0097435 supramolecular fiber organization	http://amigo.geneontology.org/amigo/term/GO:0097435	MFAP4,MARCKSL1,COL1A1,COL1A2,LUM,COL3A1	Cellular component